Wavelength__mum_,TE_0_gamma__infty,TE_2_gamma__infty,TE_2_gamma_120_mum,TE_0_gamma_120_mum,TE_2_gamma_100_mum,TE_0_gamma_100_mum,TE_2_gamma_80_mum,TE_0_gamma_80_mum,TE_2_gamma_60_mum,TE_0_gamma_60_mum
1.3,2.57344549450428,2.32806091051874,2.06502957592296,2.27876163037498,2.02154755911425,2.23675802086862,1.96212573983993,2.18453602827027,1.86993856824001,2.11487552481186
1.301,2.57242255640008,2.32685941956633,2.06389435680242,2.27780166175011,2.02046900678405,2.23581643194013,1.96112650359998,2.18360689473428,1.86902417414329,2.11394138899779
1.302,2.57140069723577,2.325658833088,2.06276030030623,2.27684292281159,2.01939150988346,2.23487607592294,1.96012818111301,2.18267902935551,1.86811074482466,2.11300863455712
1.303,2.57037991701134,2.32445915108376,2.06162740643438,2.27588541355941,2.01831506841248,2.23393695281703,1.95913077237903,2.18175243213397,1.86719828028412,2.11207726148985
1.304,2.56936021572679,2.3232603735536,2.06049567518689,2.27492913399357,2.01723968237111,2.23299906262242,1.95813427739805,2.18082710306966,1.86628678052168,2.11114726979599
1.305,2.56834159338213,2.32206250049752,2.05936510656375,2.27397408411407,2.01616535175936,2.2320624053391,1.95713869617005,2.17990304216258,1.86537624553733,2.11021865947553
1.306,2.56732404997735,2.32086553191553,2.05823570056495,2.27302026392092,2.01509207657722,2.23112698096706,1.95614402869504,2.17898024941272,1.86446667533108,2.10929143052848
1.307,2.56630758551245,2.31966946780763,2.0571074571905,2.2720676734141,2.0140198568247,2.23019278950632,1.95515027497303,2.17805872482008,1.86355806990291,2.10836558295483
1.308,2.56529219998743,2.31847430817381,2.05598037644041,2.27111631259363,2.01294869250178,2.22925983095687,1.954157435004,2.17713846838468,1.86265042925285,2.10744111675459
1.309,2.5642778934023,2.31728005301408,2.05485445831466,2.2701661814595,2.01187858360848,2.22832810531871,1.95316550878796,2.1762194801065,1.86174375338087,2.10651803192775
1.31,2.56326466575705,2.31608670232843,2.05372970281327,2.26921728001171,2.0108095301448,2.22739761259184,1.95217449632492,2.17530175998554,1.86083804228699,2.10559632847431
1.311,2.56225251705168,2.31489425611687,2.05260610993622,2.26826960825026,2.00974153211072,2.22646835277625,1.95118439761486,2.17438530802181,1.8599332959712,2.10467600639428
1.312,2.56124144728619,2.31370271437939,2.05148367968352,2.26732316617516,2.00867458950626,2.22554032587196,1.95019521265779,2.17347012421531,1.8590295144335,2.10375706568766
1.313,2.56023145646059,2.312512077116,2.05036241205517,2.2663779537864,2.00760870233141,2.22461353187896,1.94920694145372,2.17255620856603,1.8581266976739,2.10283950635444
1.314,2.55922254457487,2.31132234432669,2.04924230705118,2.26543397108397,2.00654387058617,2.22368797079725,1.94821958400263,2.17164356107398,1.85722484569239,2.10192332839462
1.315,2.55821471162903,2.31013351601147,2.04812336467153,2.26449121806789,2.00548009427055,2.22276364262683,1.94723314030454,2.17073218173916,1.85632395848897,2.10100853180821
1.316,2.55720795762308,2.30894559217033,2.04700558491623,2.26354969473816,2.00441737338454,2.2218405473677,1.94624761035943,2.16982207056156,1.85542403606365,2.1000951165952
1.317,2.55620228255701,2.30775857280328,2.04588896778528,2.26260940109476,2.00335570792814,2.22091868501986,1.94526299416731,2.16891322754119,1.85452507841642,2.09918308275559
1.318,2.55519768643082,2.30657245791031,2.04477351327868,2.26167033713771,2.00229509790136,2.21999805558331,1.94427929172819,2.16800565267804,1.85362708554728,2.09827243028939
1.319,2.55419416924451,2.30538724749143,2.04365922139643,2.26073250286699,2.00123554330419,2.21907865905805,1.94329650304205,2.16709934597212,1.85273005745623,2.0973631591966
1.32,2.55319173099809,2.30420294154663,2.04254609213853,2.25979589828262,2.00017704413663,2.21816049544408,1.94231462810891,2.16619430742343,1.85183399414328,2.09645526947721
1.321,2.55219037169155,2.30301954007592,2.04143412550498,2.25886052338459,1.99911960039868,2.2172435647414,1.94133366692875,2.16529053703196,1.85093889560843,2.09554876113122
1.322,2.55119009132489,2.30183704307929,2.04032332149578,2.25792637817291,1.99806321209035,2.21632786695001,1.94035361950159,2.16438803479772,1.85004476185166,2.09464363415864
1.323,2.55019088989812,2.30065545055675,2.03921368011092,2.25699346264756,1.99700787921163,2.21541340206991,1.93937448582741,2.1634868007207,1.84915159287299,2.09373988855946
1.324,2.54919276741122,2.2994747625083,2.03810520135042,2.25606177680856,1.99595360176252,2.21450017010111,1.93839626590623,2.16258683480091,1.84825938867241,2.09283752433369
1.325,2.54819572386421,2.29829497893393,2.03699788521427,2.25513132065589,1.99490037974303,2.21358817104359,1.93741895973803,2.16168813703835,1.84736814924993,2.09193654148132
1.326,2.54719975925709,2.29711609983364,2.03589173170247,2.25420209418957,1.99384821315315,2.21267740489736,1.93644256732282,2.16079070743301,1.84647787460554,2.09103694000236
1.327,2.54620487358984,2.29593812520744,2.03478674081501,2.2532740974096,1.99279710199288,2.21176787166242,1.93546708866061,2.1598945459849,1.84558856473924,2.0901387198968
1.328,2.54521106686248,2.29476105505533,2.03368291255191,2.25234733031596,1.99174704626223,2.21085957133878,1.93449252375138,2.15899965269401,1.84470021965103,2.08924188116464
1.329,2.544218339075,2.2935848893773,2.03258024691316,2.25142179290866,1.99069804596118,2.20995250392642,1.93351887259515,2.15810602756035,1.84381283934092,2.08834642380589
1.33,2.54322669022741,2.29240962817335,2.03147874389875,2.25049748518771,1.98965010108975,2.20904666942535,1.9325461351919,2.15721367058392,1.8429264238089,2.08745234782055
1.331,2.5422361203197,2.29123527144349,2.0303784035087,2.2495744071531,1.98860321164794,2.20814206783558,1.93157431154165,2.15632258176471,1.84204097305498,2.08655965320861
1.332,2.54124662935186,2.29006181918772,2.02927922574299,2.24865255880483,1.98755737763573,2.20723869915709,1.93060340164438,2.15543276110273,1.84115648707915,2.08566833997007
1.333,2.54025821732392,2.28888927140603,2.02818121060163,2.2477319401429,1.98651259905314,2.20633656338989,1.92963340550011,2.15454420859798,1.84027296588141,2.08477840810494
1.334,2.53927088423585,2.28771762809843,2.02708435808463,2.24681255116732,1.98546887590016,2.20543566053399,1.92866432310882,2.15365692425045,1.83939040946176,2.08388985761321
1.335,2.53828463008767,2.28654688926491,2.02598866819197,2.24589439187807,1.9844262081768,2.20453599058937,1.92769615447053,2.15277090806015,1.83850881782021,2.08300268849488
1.336,2.53729945487937,2.28537705490547,2.02489414092366,2.24497746227517,1.98338459588305,2.20363755355605,1.92672889958523,2.15188616002707,1.83762819095675,2.08211690074996
1.337,2.53631535861096,2.28420812502013,2.02380077627971,2.24406176235861,1.98234403901891,2.20274034943401,1.92576255845291,2.15100268015122,1.83674852887138,2.08123249437845
1.338,2.53533234128242,2.28304009960886,2.0227085742601,2.24314729212839,1.98130453758438,2.20184437822327,1.92479713107359,2.1501204684326,1.83586983156411,2.08034946938034
1.339,2.53435040289377,2.28187297867169,2.02161753486484,2.24223405158451,1.98026609157947,2.20094963992381,1.92383261744725,2.1492395248712,1.83499209903493,2.07946782575563
1.34,2.533369543445,2.28070676220859,2.02052765809393,2.24132204072698,1.97922870100417,2.20005613453565,1.92286901757391,2.14835984946703,1.83411533128384,2.07858756350433
1.341,2.53238976293612,2.27954145021958,2.01943894394737,2.24041125955579,1.97819236585848,2.19916386205878,1.92190633145355,2.14748144222008,1.83323952831085,2.07770868262643
1.342,2.53141106136711,2.27837704270466,2.01835139242517,2.23950170807093,1.97715708614241,2.19827282249319,1.92094455908619,2.14660430313036,1.83236469011595,2.07683118312194
1.343,2.530433438738,2.27721353966383,2.01726500352731,2.23859338627242,1.97612286185595,2.1973830158389,1.91998370047182,2.14572843219787,1.83149081669914,2.07595506499085
1.344,2.52945689504876,2.27605094109707,2.0161797772538,2.23768629416026,1.9750896929991,2.1964944420959,1.91902375561043,2.1448538294226,1.83061790806043,2.07508032823317
1.345,2.5284814302994,2.27488924700441,2.01509571360464,2.23678043173443,1.97405757957186,2.19560710126418,1.91806472450204,2.14398049480456,1.82974596419981,2.07420697284889
1.346,2.52750704448993,2.27372845738582,2.01401281257982,2.23587579899494,1.97302652157424,2.19472099334376,1.91710660714663,2.14310842834374,1.82887498511728,2.07333499883801
1.347,2.52653373762034,2.27256857224133,2.01293107417936,2.2349723959418,1.97199651900623,2.19383611833463,1.91614940354422,2.14223763004015,1.82800497081285,2.07246440620054
1.348,2.52556150969064,2.27140959157092,2.01185049840325,2.234070222575,1.97096757186783,2.19295247623679,1.9151931136948,2.14136809989379,1.82713592128651,2.07159519493648
1.349,2.52459036070081,2.27025151537459,2.01077108525149,2.23316927889454,1.96993968015905,2.19207006705024,1.91423773759836,2.14049983790465,1.82626783653826,2.07072736504582
1.35,2.52362029065087,2.26909434365235,2.00969283472408,2.23226956490042,1.96891284387988,2.19118889077497,1.91328327525492,2.13963284407274,1.82540071656811,2.06986091652856
1.351,2.52265129954082,2.26793807640419,2.00861574682101,2.23137108059265,1.96788706303032,2.190308947411,1.91232972666447,2.13876711839806,1.82453456137605,2.06899584938471
1.352,2.52168338737064,2.26678271363012,2.0075398215423,2.23047382597122,1.96686233761037,2.18943023695832,1.911377091827,2.1379026608806,1.82366937096208,2.06813216361426
1.353,2.52071655414035,2.26562825533014,2.00646505888794,2.22957780103612,1.96583866762004,2.18855275941693,1.91042537074253,2.13703947152037,1.8228051453262,2.06726985921721
1.354,2.51975079984994,2.26447470150424,2.00539145885792,2.22868300578737,1.96481605305932,2.18767651478683,1.90947456341105,2.13617755031736,1.82194188446842,2.06640893619358
1.355,2.51878612449941,2.26332205215242,2.00431902145226,2.22778944022496,1.96379449392821,2.18680150306802,1.90852466983255,2.13531689727158,1.82107958838873,2.06554939454334
1.356,2.51782252808877,2.26217030727469,2.00324774667094,2.2268971043489,1.96277399022672,2.1859277242605,1.90757569000705,2.13445751238303,1.82021825708714,2.06469123426651
1.357,2.51686001061801,2.26101946687105,2.00217763451398,2.22600599815917,1.96175454195484,2.18505517836427,1.90662762393454,2.1335993956517,1.81935789056364,2.06383445536308
1.358,2.51589857208713,2.25986953094149,2.00110868498136,2.22511612165579,1.96073614911257,2.18418386537933,1.90568047161501,2.1327425470776,1.81849848881823,2.06297905783306
1.359,2.51493821249613,2.25872049948602,2.0000408980731,2.22422747483875,1.95971881169992,2.18331378530568,1.90473423304848,2.13188696666072,1.81764005185091,2.06212504167645
1.36,2.51397893184502,2.25757237250463,1.99897427378918,2.22334005770805,1.95870252971687,2.18244493814332,1.90378890823494,2.13103265440107,1.81678257966169,2.06127240689323
1.361,2.51302073013379,2.25642514999732,1.99790881212961,2.22245387026369,1.95768730316345,2.18157732389226,1.90284449717439,2.13017961029865,1.81592607225056,2.06042115348342
1.362,2.51206360736244,2.2552788319641,1.9968445130944,2.22156891250567,1.95667313203963,2.18071094255248,1.90190099986682,2.12932783435345,1.81507052961753,2.05957128144702
1.363,2.51110756353098,2.25413341840497,1.99578137668353,2.220685184434,1.95566001634543,2.17984579412399,1.90095841631225,2.12847732656548,1.81421595176258,2.05872279078402
1.364,2.5101525986394,2.25298890931992,1.99471940289701,2.21980268604867,1.95464795608084,2.17898187860679,1.90001674651067,2.12762808693473,1.81336233868574,2.05787568149443
1.365,2.5091987126877,2.25184530470896,1.99365859173484,2.21892141734968,1.95363695124586,2.17811919600088,1.89907599046208,2.12678011546121,1.81250969038698,2.05702995357824
1.366,2.50824590567588,2.25070260457208,1.99259894319702,2.21804137833703,1.95262700184049,2.17725774630627,1.89813614816647,2.12593341214492,1.81165800686632,2.05618560703545
1.367,2.50729417760395,2.24956080890929,1.99154045728356,2.21716256901072,1.95161810786474,2.17639752952294,1.89719721962386,2.12508797698585,1.81080728812375,2.05534264186607
1.368,2.5063435284719,2.24841991772058,1.99048313399444,2.21628498937076,1.9506102693186,2.1755385456509,1.89625920483424,2.12424380998401,1.80995753415927,2.05450105807009
1.369,2.50539395827973,2.24727993100596,1.98942697332967,2.21540863941713,1.94960348620208,2.17468079469016,1.89532210379761,2.1234009111394,1.80910874497289,2.05366085564752
1.37,2.50444546702744,2.24614084876542,1.98837197528925,2.21453351914985,1.94859775851516,2.1738242766407,1.89438591651396,2.12255928045201,1.8082609205646,2.05282203459835
1.371,2.50349805471504,2.24500267099897,1.98731813987318,2.21365962856891,1.94759308625786,2.17296899150254,1.89345064298331,2.12171891792185,1.8074140609344,2.05198459492259
1.372,2.50255172134252,2.2438653977066,1.98626546708145,2.21278696767431,1.94658946943018,2.17211493927566,1.89251628320565,2.12087982354891,1.8065681660823,2.05114853662023
1.373,2.50160646690988,2.24272902888832,1.98521395691408,2.21191553646606,1.9455869080321,2.17126211996007,1.89158283718098,2.1200419973332,1.80572323600829,2.05031385969127
1.374,2.50066229141713,2.24159356454412,1.98416360937106,2.21104533494414,1.94458540206364,2.17041053355578,1.8906503049093,2.11920543927471,1.80487927071237,2.04948056413572
1.375,2.49971919486426,2.24045900467401,1.98311442445239,2.21017636310857,1.94358495152479,2.16956018006277,1.88971868639061,2.11837014937346,1.80403627019455,2.04864864995358
1.376,2.49877717725127,2.23932534927799,1.98206640215807,2.20930862095934,1.94258555641556,2.16871105948106,1.8887879816249,2.11753612762942,1.80319423445482,2.04781811714483
1.377,2.49783623857816,2.23819259835604,1.98101954248809,2.20844210849645,1.94158721673594,2.16786317181064,1.88785819061219,2.11670337404262,1.80235316349318,2.0469889657095
1.378,2.49689637884494,2.23706075190819,1.97997384544247,2.2075768257199,1.94058993248593,2.1670165170515,1.88692931335247,2.11587188861304,1.80151305730963,2.04616119564757
1.379,2.4959575980516,2.23592980993442,1.9789293110212,2.2067127726297,1.93959370366553,2.16617109520366,1.88600134984574,2.11504167134068,1.80067391590418,2.04533480695904
1.38,2.49501989619814,2.23479977243473,1.97788593922427,2.20584994922583,1.93859853027474,2.1653269062671,1.885074300092,2.11421272222556,1.79983573927682,2.04450979964391
1.381,2.49408327328457,2.23367063940913,1.9768437300517,2.20498835550831,1.93760441231357,2.16448395024184,1.88414816409125,2.11338504126765,1.79899852742756,2.04368617370219
1.382,2.49314772931087,2.23254241085762,1.97580268350347,2.20412799147713,1.93661134978202,2.16364222712787,1.88322294184349,2.11255862846698,1.79816228035639,2.04286392913388
1.383,2.49221326427707,2.23141508678019,1.9747627995796,2.20326885713229,1.93561934268007,2.16280173692519,1.88229863334871,2.11173348382353,1.79732699806331,2.04204306593897
1.384,2.49127987818314,2.23028866717684,1.97372407828007,2.20241095247379,1.93462839100774,2.16196247963379,1.88137523860693,2.11090960733731,1.79649268054833,2.04122358411746
1.385,2.49034757102909,2.22916315204758,1.97268651960489,2.20155427750164,1.93363849476502,2.16112445525369,1.88045275761814,2.11008699900831,1.79565932781143,2.04040548366936
1.386,2.48941634281493,2.22803854139241,1.97165012355407,2.20069883221583,1.93264965395191,2.16028766378488,1.87953119038234,2.10926565883654,1.79482693985264,2.03958876459466
1.387,2.48848619354066,2.22691483521132,1.97061489012759,2.19984461661635,1.93166186856842,2.15945210522736,1.87861053689953,2.10844558682199,1.79399551667193,2.03877342689337
1.388,2.48755712320626,2.22579203350432,1.96958081932546,2.19899163070322,1.93067513861454,2.15861777958113,1.87769079716971,2.10762678296467,1.79316505826932,2.03795947056548
1.389,2.48662913181175,2.2246701362714,1.96854791114769,2.19813987447644,1.92968946409027,2.15778468684618,1.87677197119288,2.10680924726458,1.7923355646448,2.037146895611
1.39,2.48570221935712,2.22354914351256,1.96751616559426,2.19728934793599,1.92870484499562,2.15695282702253,1.87585405896904,2.10599297972171,1.79150703579837,2.03633570202992
1.391,2.48477638584237,2.22242905522781,1.96648558266518,2.19644005108189,1.92772128133058,2.15612220011017,1.87493706049819,2.10517798033607,1.79067947173004,2.03552588982225
1.392,2.4838516312675,2.22130987141715,1.96545616236045,2.19559198391412,1.92673877309515,2.1552928061091,1.87402097578033,2.10436424910766,1.7898528724398,2.03471745898798
1.393,2.48292795563252,2.22019159208057,1.96442790468007,2.1947451464327,1.92575732028933,2.15446464501932,1.87310580481546,2.10355178603647,1.78902723792766,2.03391040952711
1.394,2.48200535893742,2.21907421721808,1.96340080962404,2.19389953863762,1.92477692291313,2.15363771684083,1.87219154760358,2.10274059112251,1.7882025681936,2.03310474143965
1.395,2.48108384118221,2.21795774682967,1.96237487719236,2.19305516052889,1.92379758096654,2.15281202157363,1.87127820414469,2.10193066436577,1.78737886323764,2.03230045472559
1.396,2.48016340236687,2.21684218091535,1.96135010738503,2.19221201210649,1.92281929444956,2.15198755921772,1.87036577443879,2.10112200576626,1.78655612305978,2.03149754938494
1.397,2.47924404249142,2.21572751947511,1.96032650020205,2.19137009337044,1.9218420633622,2.1511643297731,1.86945425848588,2.10031461532398,1.78573434766001,2.03069602541769
1.398,2.47832576155585,2.21461376250896,1.95930405564342,2.19052940432073,1.92086588770444,2.15034233323978,1.86854365628596,2.09950849303892,1.78491353703833,2.02989588282385
1.399,2.47740855956017,2.21350091001689,1.95828277370914,2.18968994495736,1.91989076747631,2.14952156961774,1.86763396783903,2.09870363891109,1.78409369119474,2.02909712160341
1.4,2.47649243650437,2.21238896199891,1.9572626543992,2.18885171528033,1.91891670267778,2.14870203890699,1.86672519314509,2.09790005294048,1.78327481012925,2.02829974175637
1.401,2.47557739238845,2.21127791845502,1.95624369771362,2.18801471528964,1.91794369330887,2.14788374110753,1.86581733220414,2.0970977351271,1.78245689384185,2.02750374328274
1.402,2.47466342721241,2.2101677793852,1.95522590365239,2.1871789449853,1.91697173936957,2.14706667621936,1.86491038501618,2.09629668547095,1.78163994233254,2.02670912618252
1.403,2.47375054097626,2.20905854478948,1.9542092722155,2.18634440436729,1.91600084085988,2.14625084424249,1.86400435158121,2.09549690397202,1.78082395560132,2.0259158904557
1.404,2.47283873367998,2.20795021466784,1.95319380340297,2.18551109343563,1.91503099777981,2.1454362451769,1.86309923189923,2.09469839063032,1.7800089336482,2.02512403610228
1.405,2.4719280053236,2.20684278902028,1.95217949721479,2.18467901219031,1.91406221012935,2.1446228790226,1.86219502597024,2.09390114544585,1.77919487647318,2.02433356312227
1.406,2.47101835590709,2.20573626784681,1.95116635365095,2.18384816063133,1.9130944779085,2.14381074577959,1.86129173379424,2.0931051684186,1.77838178407624,2.02354447151566
1.407,2.47010978543047,2.20463065114742,1.95015437271147,2.1830185387587,1.91212780111726,2.14299984544788,1.86038935537123,2.09231045954857,1.7775696564574,2.02275676128245
1.408,2.46920229389373,2.20352593892212,1.94914355439633,2.18219014657241,1.91116217975564,2.14219017802745,1.85948789070121,2.09151701883578,1.77675849361665,2.02197043242265
1.409,2.46829588129687,2.20242213117091,1.94813389870555,2.18136298407245,1.91019761382363,2.14138174351832,1.85858733978418,2.09072484628021,1.775948295554,2.02118548493626
1.41,2.46739054763989,2.20131922789378,1.94712540563911,2.18053705125884,1.90923410332123,2.14057454192047,1.85768770262014,2.08993394188186,1.77513906226944,2.02040191882327
1.411,2.4664862929228,2.20021722909073,1.94611807519702,2.17971234813157,1.90827164824845,2.13976857323392,1.85678897920909,2.08914430564074,1.77433079376297,2.01961973408368
1.412,2.46558311714559,2.19911613476177,1.94511190737929,2.17888887469065,1.90731024860528,2.13896383745865,1.85589116955103,2.08835593755685,1.7735234900346,2.0188389307175
1.413,2.46468102030826,2.1980159449069,1.9441069021859,2.17806663093606,1.90634990439172,2.13816033459468,1.85499427364596,2.08756883763018,1.77271715108431,2.01805950872473
1.414,2.46378000241082,2.19691665952611,1.94310305961686,2.17724561686782,1.90539061560778,2.13735806464199,1.85409829149388,2.08678300586074,1.77191177691213,2.01728146810535
1.415,2.46288006345326,2.19581827861941,1.94210037967217,2.17642583248592,1.90443238225344,2.1365570276006,1.8532032230948,2.08599844224853,1.77110736751803,2.01650480885938
1.416,2.46198120343558,2.19472080218679,1.94109886235184,2.17560727779036,1.90347520432873,2.13575722347049,1.8523090684487,2.08521514679354,1.77030392290203,2.01572953098682
1.417,2.46108342235779,2.19362423022825,1.94009850765585,2.17478995278114,1.90251908183362,2.13495865225168,1.85141582755559,2.08443311949578,1.76950144306412,2.01495563448766
1.418,2.46018672021987,2.19252856274381,1.93909931558421,2.17397385745826,1.90156401476813,2.13416131394415,1.85052350041547,2.08365236035524,1.7686999280043,2.01418311936191
1.419,2.45929109702184,2.19143379973344,1.93810128613692,2.17315899182173,1.90061000313225,2.13336520854792,1.84963208702834,2.08287286937194,1.76789937772258,2.01341198560956
1.42,2.45839655276369,2.19033994119716,1.93710441931398,2.17234535587154,1.89965704692598,2.13257033606298,1.8487415873942,2.08209464654585,1.76709979221895,2.01264223323061
1.421,2.45750308744543,2.18924698713497,1.93610871511539,2.17153294960768,1.89870514614932,2.13177669648933,1.84785200151305,2.08131769187699,1.76630117149342,2.01187386222507
1.422,2.45661070106705,2.18815493754686,1.93511417354115,2.17072177303018,1.89775430080228,2.13098428982696,1.8469633293849,2.08054200536536,1.76550351554597,2.01110687259293
1.423,2.45571939362855,2.18706379243284,1.93412079459126,2.16991182613901,1.89680451088485,2.13019311607589,1.84607557100973,2.07976758701096,1.76470682437662,2.0103412643342
1.424,2.45482916512993,2.1859735517929,1.93312857826571,2.16910310893418,1.89585577639704,2.12940317523611,1.84518872638755,2.07899443681378,1.76391109798537,2.00957703744887
1.425,2.4539400155712,2.18488421562705,1.93213752456452,2.1682956214157,1.89490809733884,2.12861446730762,1.84430279551836,2.07822255477383,1.76311633637221,2.00881419193695
1.426,2.45305194495235,2.18379578393528,1.93114763348768,2.16748936358356,1.89396147371025,2.12782699229042,1.84341777840216,2.0774519408911,1.76232253953714,2.00805272779843
1.427,2.45216495327338,2.1827082567176,1.93015890503519,2.16668433543776,1.89301590551127,2.1270407501845,1.84253367503895,2.0766825951656,1.76152970748016,2.00729264503331
1.428,2.4512790405343,2.18162163397401,1.92917133920704,2.1658805369783,1.8920713927419,2.12625574098988,1.84165048542874,2.07591451759732,1.76073784020128,2.0065339436416
1.429,2.45039420673509,2.18053591570449,1.92818493600325,2.16507796820518,1.89112793540215,2.12547196470655,1.84076820957151,2.07514770818627,1.75994693770049,2.0057766236233
1.43,2.44951045187577,2.17945110190907,1.92719969542381,2.16427662911841,1.89018553349202,2.12468942133451,1.83988684746727,2.07438216693245,1.75915699997779,2.0050206849784
1.431,2.44862777595634,2.17836719258773,1.92621561746871,2.16347651971797,1.88924418701149,2.12390811087376,1.83900639911602,2.07361789383586,1.75836802703318,2.0042661277069
1.432,2.44774617897678,2.17728418774047,1.92523270213797,2.16267764000388,1.88830389596058,2.1231280333243,1.83812686451777,2.07285488889649,1.75758001886667,2.00351295180881
1.433,2.44686566093711,2.1762020873673,1.92425094943157,2.16187998997613,1.88736466033928,2.12234918868613,1.8372482436725,2.07209315211434,1.75679297547826,2.00276115728412
1.434,2.44598622183732,2.17512089146821,1.92327035934953,2.16108356963473,1.88642648014759,2.12157157695925,1.83637053658022,2.07133268348942,1.75600689686793,2.00201074413284
1.435,2.44510786167742,2.17404060004321,1.92229093189183,2.16028837897966,1.88548935538552,2.12079519814366,1.83549374324093,2.07057348302173,1.7552217830357,2.00126171235496
1.436,2.44423058045739,2.1729612130923,1.92131266705848,2.15949441801094,1.88455328605306,2.12002005223937,1.83461786365464,2.06981555071126,1.75443763398156,2.00051406195048
1.437,2.44335437817725,2.17188273061547,1.92033556484949,2.15870168672855,1.88361827215021,2.11924613924636,1.83374289782133,2.06905888655802,1.75365444970552,1.99976779291941
1.438,2.44247925483699,2.17080515261272,1.91935962526484,2.15791018513251,1.88268431367697,2.11847345916464,1.83286884574101,2.06830349056201,1.75287223020757,1.99902290526175
1.439,2.44160521043662,2.16972847908406,1.91838484830454,2.15711991322281,1.88175141063335,2.11770201199421,1.83199570741368,2.06754936272322,1.75209097548771,1.99827939897748
1.44,2.44073224497613,2.16865271002949,1.91741123396859,2.15633087099946,1.88081956301934,2.11693179773507,1.83112348283935,2.06679650304166,1.75131068554595,1.99753727406663
1.441,2.43986035845552,2.167577845449,1.916438782257,2.15554305846244,1.87988877083495,2.11616281638723,1.830252172018,2.06604491151733,1.75053136038227,1.99679653052918
1.442,2.43898955087479,2.1665038853426,1.91546749316975,2.15475647561177,1.87895903408016,2.11539506795067,1.82938177494964,2.06529458815022,1.7497529999967,1.99605716836513
1.443,2.43811982223395,2.16543082971028,1.91449736670685,2.15397112244744,1.87803035275499,2.1146285524254,1.82851229163428,2.06454553294033,1.74897560438921,1.99531918757448
1.444,2.43725117253299,2.16435867855204,1.9135284028683,2.15318699896945,1.87710272685944,2.11386326981143,1.8276437220719,2.06379774588768,1.74819917355982,1.99458258815725
1.445,2.43638360177191,2.1632874318679,1.9125606016541,2.1524041051778,1.87617615639349,2.11309922010874,1.82677606626251,2.06305122699225,1.74742370750852,1.99384737011341
1.446,2.43551710995071,2.16221708965783,1.91159396306425,2.15162244107249,1.87525064135716,2.11233640331734,1.82590932420612,2.06230597625404,1.74664920623532,1.99311353344298
1.447,2.4346516970694,2.16114765192185,1.91062848709875,2.15084200665353,1.87432618175044,2.11157481943724,1.82504349590271,2.06156199367306,1.7458756697402,1.99238107814595
1.448,2.43378736312797,2.16007911865996,1.9096641737576,2.15006280192091,1.87340277757333,2.11081446846842,1.82417858135229,2.06081927924931,1.74510309802318,1.99165000422233
1.449,2.43292410812642,2.15901148987215,1.9087010230408,2.14928482687462,1.87248042882584,2.1100553504109,1.82331458055487,2.06007783298278,1.74433149108426,1.99092031167212
1.45,2.43206193206476,2.15794476555843,1.90773903494834,2.14850808151469,1.87155913550796,2.10929746526466,1.82245149351043,2.05933765487348,1.74356084892343,1.9901920004953
1.451,2.43120083494298,2.15687894571879,1.90677820948024,2.14773256584109,1.87063889761969,2.10854081302971,1.82158932021898,2.05859874492141,1.74279117154069,1.9894650706919
1.452,2.43034081676108,2.15581403035324,1.90581854663649,2.14695827985383,1.86971971516104,2.10778539370606,1.82072806068053,2.05786110312656,1.74202245893604,1.98873952226189
1.453,2.42948187751906,2.15475001946177,1.90486004641709,2.14618522355292,1.868801588132,2.1070312072937,1.81986771489506,2.05712472948894,1.74125471110949,1.98801535520529
1.454,2.42862401721693,2.15368691304439,1.90390270882203,2.14541339693835,1.86788451653257,2.10627825379262,1.81900828286259,2.05638962400854,1.74048792806103,1.9872925695221
1.455,2.42776723585468,2.15262471110109,1.90294653385133,2.14464280001012,1.86696850036276,2.10552653320284,1.8181497645831,2.05565578668537,1.73972210979066,1.98657116521231
1.456,2.42691153343231,2.15156341363188,1.90199152150497,2.14387343276823,1.86605353962255,2.10477604552434,1.8172921600566,2.05492321751943,1.73895725629839,1.98585114227592
1.457,2.42605690994982,2.15050302063676,1.90103767178297,2.14310529521268,1.86513963431196,2.10402679075714,1.8164354692831,2.05419191651071,1.73819336758421,1.98513250071294
1.458,2.42520336540722,2.14944353211572,1.90008498468531,2.14233838734348,1.86422678443099,2.10327876890123,1.81557969226258,2.05346188365922,1.73743044364812,1.98441524052336
1.459,2.4243508998045,2.14838494806876,1.89913346021201,2.14157270916061,1.86331498997962,2.10253197995661,1.81472482899506,2.05273311896495,1.73666848449013,1.98369936170719
1.46,2.42349951314166,2.14732726849589,1.89818309836305,2.14080826066409,1.86240425095787,2.10178642392327,1.81387087948052,2.05200562242791,1.73590749011023,1.98298486426442
1.461,2.42264920541871,2.1462704933971,1.89723389913845,2.14004504185391,1.86149456736573,2.10104210080123,1.81301784371898,2.0512793940481,1.73514746050842,1.98227174819506
1.462,2.42179997663564,2.1452146227724,1.89628586253819,2.13928305273007,1.86058593920321,2.10029901059048,1.81216572171042,2.05055443382551,1.73438839568471,1.9815600134991
1.463,2.42095182679245,2.14415965662179,1.89533898856228,2.13852229329258,1.8596783664703,2.09955715329102,1.81131451345485,2.04983074176015,1.73363029563908,1.98084966017655
1.464,2.42010475588914,2.14310559494526,1.89439327721073,2.13776276354142,1.858771849167,2.09881652890285,1.81046421895228,2.04910831785202,1.73287316037156,1.9801406882274
1.465,2.41925876392572,2.14205243774281,1.89344872848352,2.13700446347661,1.85786638729331,2.09807713742596,1.80961483820269,2.04838716210111,1.73211698988212,1.97943309765165
1.466,2.41841385090218,2.14100018501445,1.89250534238066,2.13624739309814,1.85696198084924,2.09733897886037,1.8087663712061,2.04766727450743,1.73136178417078,1.97872688844931
1.467,2.41757001681852,2.13994883676018,1.89156311890215,2.13549155240601,1.85605862983478,2.09660205320607,1.80791881796249,2.04694865507097,1.73060754323753,1.97802206062037
1.468,2.41672726167475,2.13889839297999,1.89062205804799,2.13473694140023,1.85515633424993,2.09586636046306,1.80707217847188,2.04623130379174,1.72985426708238,1.97731861416484
1.469,2.41588558547085,2.13784885367388,1.88968215981818,2.13398356008078,1.85425509409469,2.09513190063134,1.80622645273425,2.04551522066973,1.72910195570532,1.97661654908271
1.47,2.41504498820684,2.13680021884187,1.88874342421272,2.13323140844768,1.85335490936907,2.09439867371091,1.80538164074962,2.04480040570496,1.72835060910635,1.97591586537399
1.471,2.41420546988272,2.13575248848393,1.88780585123161,2.13248048650091,1.85245578007306,2.09366667970177,1.80453774251797,2.0440868588974,1.72760022728547,1.97521656303867
1.472,2.41336703049847,2.13470566260008,1.88686944087485,2.13173079424049,1.85155770620667,2.09293591860392,1.80369475803932,2.04337458024708,1.72685081024269,1.97451864207676
1.473,2.41252967005411,2.13365974119032,1.88593419314244,2.13098233166642,1.85066068776988,2.09220639041736,1.80285268731365,2.04266356975398,1.726102357978,1.97382210248825
1.474,2.41169338854963,2.13261472425464,1.88500010803438,2.13023509877868,1.84976472476271,2.0914780951421,1.80201153034098,2.0419538274181,1.72535487049141,1.97312694427314
1.475,2.41085818598504,2.13157061179305,1.88406718555067,2.12948909557729,1.84886981718516,2.09075103277812,1.8011712871213,2.04124535323946,1.72460834778291,1.97243316743144
1.476,2.41002406236033,2.13052740380554,1.88313542569131,2.12874432206223,1.84797596503721,2.09002520332543,1.8003319576546,2.04053814721803,1.7238627898525,1.97174077196314
1.477,2.4091910176755,2.12948510029212,1.88220482845629,2.12800077823352,1.84708316831888,2.08930060678403,1.7994935419409,2.03983220935384,1.72311819670018,1.97104975786825
1.478,2.40835905193055,2.12844370125278,1.88127539384563,2.12725846409115,1.84619142703016,2.08857724315392,1.79865603998018,2.03912753964687,1.72237456832596,1.97036012514676
1.479,2.40752816512548,2.12740320668753,1.88034712185932,2.12651737963512,1.84530074117106,2.08785511243511,1.79781945177246,2.03842413809713,1.72163190472983,1.96967187379868
1.48,2.4066983572603,2.12636361659636,1.87942001249735,2.12577752486544,1.84441111074156,2.08713421462758,1.79698377731772,2.03772200470461,1.72089020591179,1.968985003824
1.481,2.405869628335,2.12532493097928,1.87849406575974,2.1250388997821,1.84352253574168,2.08641454973134,1.79614901661598,2.03702113946932,1.72014947187185,1.96829951522272
1.482,2.40504197834959,2.12428714983628,1.87756928164648,2.12430150438509,1.84263501617142,2.08569611774639,1.79531516966723,2.03632154239125,1.71940970261,1.96761540799485
1.483,2.40421540730405,2.12325027316737,1.87664566015756,2.12356533867443,1.84174855203076,2.08497891867274,1.79448223647146,2.03562321347041,1.71867089812624,1.96693268214039
1.484,2.4033899151984,2.12221430097254,1.875723201293,2.12283040265012,1.84086314331972,2.08426295251037,1.79365021702869,2.0349261527068,1.71793305842058,1.96625133765933
1.485,2.40256550203263,2.1211792332518,1.87480190505278,2.12209669631214,1.83997879003829,2.0835482192593,1.7928191113389,2.03423036010041,1.71719618349301,1.96557137455167
1.486,2.40174216780675,2.12014507000515,1.87388177143691,2.1213642196605,1.83909549218648,2.08283471891951,1.79198891940211,2.03353583565125,1.71646027334353,1.96489279281742
1.487,2.40091991252075,2.11911181123257,1.8729628004454,2.12063297269521,1.83821324976428,2.08212245149101,1.79115964121831,2.03284257935932,1.71572532797215,1.96421559245657
1.488,2.40009873617463,2.11807945693409,1.87204499207823,2.11990295541626,1.83733206277169,2.08141141697381,1.79033127678749,2.03215059122461,1.71499134737886,1.96353977346913
1.489,2.39927863876839,2.11704800710969,1.87112834633541,2.11917416782365,1.83645193120871,2.08070161536789,1.78950382610967,2.03145987124713,1.71425833156366,1.96286533585509
1.49,2.39845962030204,2.11601746175937,1.87021286321695,2.11844660991738,1.83557285507535,2.07999304667327,1.78867728918484,2.03077041942687,1.71352628052656,1.96219227961445
1.491,2.39764168077556,2.11498782088314,1.86929854272283,2.11772028169745,1.8346948343716,2.07928571088994,1.78785166601299,2.03008223576384,1.71279519426755,1.96152060474722
1.492,2.39682482018898,2.113959084481,1.86838538485306,2.11699518316387,1.83381786909746,2.07857960801789,1.78702695659414,2.02939532025804,1.71206507278663,1.9608503112534
1.493,2.39600903854227,2.11293125255294,1.86747338960764,2.11627131431663,1.83294195925293,2.07787473805714,1.78620316092828,2.02870967290946,1.71133591608381,1.96018139913298
1.494,2.39519433583545,2.11190432509896,1.86656255698657,2.11554867515573,1.83206710483802,2.07717110100767,1.7853802790154,2.02802529371811,1.71060772415908,1.95951386838596
1.495,2.39438071206851,2.11087830211907,1.86565288698985,2.11482726568117,1.83119330585272,2.0764686968695,1.78455831085552,2.02734218268398,1.70988049701244,1.95884771901235
1.496,2.39356816724145,2.10985318361327,1.86474437961748,2.11410708589295,1.83032056229704,2.07576752564262,1.78373725644863,2.02666033980708,1.70915423464389,1.95818295101214
1.497,2.39275670135427,2.10882896958155,1.86383703486946,2.11338813579108,1.82944887417096,2.07506758732702,1.78291711579472,2.02597976508741,1.70842893705344,1.95751956438534
1.498,2.39194631440698,2.10780566002392,1.86293085274579,2.11267041537554,1.8285782414745,2.07436888192272,1.78209788889381,2.02530045852496,1.70770460424108,1.95685755913194
1.499,2.39113700639957,2.10678325494037,1.86202583324647,2.11195392464635,1.82770866420766,2.07367140942971,1.78127957574589,2.02462242011974,1.70698123620682,1.95619693525194
1.5,2.39032877733204,2.1057617543309,1.8611219763715,2.1112386636035,1.82684014237042,2.07297516984799,1.78046217635095,2.02394564987174,1.70625883295065,1.95553769274535
1.501,2.3895216272044,2.10474115819553,1.86021928212088,2.11052463224699,1.8259726759628,2.07228016317756,1.77964569070901,2.02327014778098,1.70553739447257,1.95487983161217
1.502,2.38871555601664,2.10372146653423,1.8593177504946,2.10981183057683,1.82510626498479,2.07158638941841,1.77883011882006,2.02259591384743,1.70481692077258,1.95422335185239
1.503,2.38791056376876,2.10270267934703,1.85841738149268,2.109100258593,1.8242409094364,2.07089384857056,1.7780154606841,2.02192294807112,1.70409741185069,1.95356825346601
1.504,2.38710665046077,2.1016847966339,1.85751817511511,2.10838991629552,1.82337660931761,2.070202540634,1.77720171630112,2.02125125045202,1.70337886770689,1.95291453645304
1.505,2.38630381609265,2.10066781839486,1.85662013136188,2.10768080368438,1.82251336462844,2.06951246560873,1.77638888567114,2.02058082099016,1.70266128834119,1.95226220081347
1.506,2.38550206066442,2.09965174462991,1.85572325023301,2.10697292075958,1.82165117536889,2.06882362349475,1.77557696879415,2.01991165968552,1.70194467375357,1.95161124654731
1.507,2.38470138417608,2.09863657533904,1.85482753172849,2.10626626752112,1.82079004153894,2.06813601429206,1.77476596567015,2.01924376653811,1.70122902394405,1.95096167365455
1.508,2.38390178662761,2.09762231052226,1.85393297584831,2.105560843969,1.81992996313861,2.06744963800066,1.77395587629913,2.01857714154792,1.70051433891263,1.95031348213519
1.509,2.38310326801903,2.09660895017957,1.85303958259249,2.10485665010323,1.81907094016789,2.06676449462055,1.77314670068111,2.01791178471496,1.6998006186593,1.94966667198924
1.51,2.38230582835033,2.09559649431095,1.85214735196101,2.1041536859238,1.81821297262679,2.06608058415173,1.77233843881608,2.01724769603923,1.69908786318406,1.9490212432167
1.511,2.38150946762151,2.09458494291643,1.85125628395388,2.10345195143071,1.8173560605153,2.0653979065942,1.77153109070404,2.01658487552072,1.69837607248691,1.94837719581756
1.512,2.38071418583258,2.09357429599599,1.85036637857111,2.10275144662396,1.81650020383342,2.06471646194796,1.77072465634499,2.01592332315944,1.69766524656786,1.94773452979182
1.513,2.37991998298353,2.09256455354963,1.84947763581268,2.10205217150355,1.81564540258115,2.06403625021302,1.76991913573892,2.01526303895538,1.6969553854269,1.94709324513949
1.514,2.37912685907436,2.09155571557736,1.8485900556786,2.10135412606949,1.8147916567585,2.06335727138936,1.76911452888585,2.01460402290855,1.69624648906403,1.94645334186056
1.515,2.37833481410508,2.09054778207917,1.84770363816888,2.10065731032176,1.81393896636545,2.06267952547699,1.76831083578577,2.01394627501895,1.69553855747926,1.94581481995504
1.516,2.37754384807567,2.08954075305507,1.8468183832835,2.09996172426038,1.81308733140203,2.06200301247591,1.76750805643868,2.01328979528657,1.69483159067258,1.94517767942292
1.517,2.37675396098615,2.08853462850506,1.84593429102247,2.09926736788534,1.81223675186821,2.06132773238612,1.76670619084458,2.01263458371142,1.69412558864399,1.9445419202642
1.518,2.37596515283652,2.08752940842913,1.84505136138579,2.09857424119664,1.81138722776401,2.06065368520763,1.76590523900347,2.01198064029349,1.6934205513935,1.94390754247889
1.519,2.37517742362676,2.08652509282728,1.84416959437346,2.09788234419429,1.81053875908942,2.05998087094042,1.76510520091535,2.0113279650328,1.6927164789211,1.94327454606699
1.52,2.37439077335689,2.08552168169952,1.84328898998548,2.09719167687827,1.80969134584444,2.0593092895845,1.76430607658021,2.01067655792932,1.69201337122679,1.94264293102849
1.521,2.3736052020269,2.08451917504585,1.84240954822185,2.0965022392486,1.80884498802908,2.05863894113988,1.76350786599807,2.01002641898307,1.69131122831057,1.94201269736339
1.522,2.3728207096368,2.08351757286626,1.84153126908257,2.09581403130527,1.80799968564333,2.05796982560654,1.76271056916892,2.00937754819405,1.69061005017245,1.9413838450717
1.523,2.37203729618657,2.08251687516075,1.84065415256764,2.09512705304828,1.80715543868719,2.05730194298449,1.76191418609276,2.00872994556226,1.68990983681242,1.94075637415341
1.524,2.37125496167623,2.08151708192933,1.83977819867706,2.09444130447763,1.80631224716067,2.05663529327374,1.76111871676959,2.00808361108769,1.68921058823049,1.94013028460853
1.525,2.37047370610578,2.080518193172,1.83890340741083,2.09375678559333,1.80547011106376,2.05596987647427,1.76032416119941,2.00743854477035,1.68851230442665,1.93950557643705
1.526,2.3696935294752,2.07952020888875,1.83802977876895,2.09307349639536,1.80462903039646,2.0553056925861,1.75953051938222,2.00679474661023,1.6878149854009,1.93888224963897
1.527,2.36891443178451,2.07852312907959,1.83715731275142,2.09239143688374,1.80378900515877,2.05464274160921,1.75873779131802,2.00615221660734,1.68711863115325,1.9382603042143
1.528,2.3681364130337,2.07752695374451,1.83628600935823,2.09171060705846,1.8029500353507,2.05398102354362,1.75794597700681,2.00551095476168,1.68642324168368,1.93763974016304
1.529,2.36735947322277,2.07653168288352,1.8354158685894,2.09103100691952,1.80211212097224,2.05332053838931,1.75715507644858,2.00487096107324,1.68572881699222,1.93702055748518
1.53,2.36658361235173,2.07553731649661,1.83454689044492,2.09035263646693,1.80127526202339,2.0526612861463,1.75636508964335,2.00423223554203,1.68503535707884,1.93640275618072
1.531,2.36580883042057,2.07454385458379,1.83367907492478,2.08967549570067,1.80043945850416,2.05200326681458,1.75557601659111,2.00359477816804,1.68434286194356,1.93578633624967
1.532,2.36503512742929,2.07355129714505,1.832812422029,2.08899958462076,1.79960471041454,2.05134648039414,1.75478785729186,2.00295858895128,1.68365133158637,1.93517129769202
1.533,2.36426250337789,2.0725596441804,1.83194693175756,2.08832490322719,1.79877101775453,2.050690926885,1.7540006117456,2.00232366789175,1.68296076600727,1.93455764050778
1.534,2.36349095826638,2.07156889568983,1.83108260411048,2.08765145151996,1.79793838052413,2.05003660628715,1.75321427995233,2.00169001498944,1.68227116520627,1.93394536469694
1.535,2.36272049209475,2.07057905167335,1.83021943908774,2.08697922949907,1.79710679872335,2.04938351860058,1.75242886191205,2.00105763024436,1.68158252918336,1.9333344702595
1.536,2.361951104863,2.06959011213095,1.82935743668936,2.08630823716453,1.79627627235218,2.04873166382531,1.75164435762476,2.0004265136565,1.68089485793855,1.93272495719547
1.537,2.36118279657114,2.06860207706264,1.82849659691532,2.08563847451632,1.79544680141062,2.04808104196133,1.75086076709046,1.99979666522587,1.68020815147182,1.93211682550485
1.538,2.36041556721916,2.06761494646841,1.82763691976563,2.08496994155446,1.79461838589868,2.04743165300864,1.75007809030915,1.99916808495247,1.67952240978319,1.93151007518763
1.539,2.35964941680706,2.06662872034827,1.8267784052403,2.08430263827894,1.79379102581635,2.04678349696723,1.74929632728083,1.99854077283629,1.67883763287266,1.93090470624381
1.54,2.35888434533484,2.06564339870221,1.82592105333931,2.08363656468976,1.79296472116363,2.04613657383712,1.7485154780055,1.99791472887734,1.67815382074021,1.9303007186734
1.541,2.35812035280251,2.06465898153024,1.82506486406267,2.08297172078692,1.79213947194053,2.0454908836183,1.74773554248316,1.99728995307562,1.67747097338586,1.92969811247639
1.542,2.35735743921006,2.06367546883236,1.82420983741038,2.08230810657043,1.79131527814703,2.04484642631077,1.74695652071381,1.99666644543112,1.67678909080961,1.92909688765279
1.543,2.35659560455749,2.06269286060856,1.82335597338245,2.08164572204027,1.79049213978315,2.04420320191453,1.74617841269745,1.99604420594385,1.67610817301145,1.92849704420259
1.544,2.3558348488448,2.06171115685884,1.82250327197886,2.08098456719646,1.78967005684889,2.04356121042958,1.74540121843408,1.9954232346138,1.67542821999137,1.92789858212579
1.545,2.355075172072,2.06073035758321,1.82165173319962,2.08032464203899,1.78884902934423,2.04292045185592,1.7446249379237,1.99480353144098,1.6747492317494,1.9273015014224
1.546,2.35431657423908,2.05975046278166,1.82080135704473,2.07966594656786,1.78802905726919,2.04228092619355,1.74384957116631,1.99418509642538,1.67407120828551,1.92670580209242
1.547,2.35355905534604,2.0587714724542,1.81995214351419,2.07900848078308,1.78721014062377,2.04164263344247,1.74307511816191,1.99356792956702,1.67339414959972,1.92611148413584
1.548,2.35280261539289,2.05779338660083,1.819104092608,2.07835224468463,1.78639227940795,2.04100557360268,1.74230157891051,1.99295203086587,1.67271805569203,1.92551854755266
1.549,2.35204725437962,2.05681620522154,1.81825720432616,2.07769723827253,1.78557547362175,2.04036974667418,1.74152895341209,1.99233740032196,1.67204292656242,1.92492699234289
1.55,2.35129297230623,2.05583992831634,1.81741147866866,2.07704346154677,1.78475972326516,2.03973515265697,1.74075724166666,1.99172403793527,1.67136876221091,1.92433681850652
1.551,2.35053976917272,2.05486455588522,1.81656691563552,2.07639091450735,1.78394502833818,2.03910179155105,1.73998644367422,1.9911119437058,1.67069556263749,1.92374802604356
1.552,2.3497876449791,2.05389008792818,1.81572351522673,2.07573959715427,1.78313138884082,2.03846966335642,1.73921655943477,1.99050111763357,1.67002332784217,1.923160614954
1.553,2.34903659972536,2.05291652444523,1.81488127744229,2.07508950948754,1.78231880477307,2.03783876807309,1.73844758894831,1.98989155971855,1.66935205782494,1.92257458523784
1.554,2.3482866334115,2.05194386543637,1.8140402022822,2.07444065150714,1.78150727613493,2.03720910570104,1.73767953221484,1.98928326996077,1.6686817525858,1.92198993689509
1.555,2.34753774603753,2.05097211090159,1.81320028974645,2.07379302321309,1.78069680292641,2.03658067624028,1.73691238923436,1.98867624836021,1.66801241212475,1.92140666992575
1.556,2.34678993760344,2.0500012608409,1.81236153983506,2.07314662460538,1.7798873851475,2.03595347969081,1.73614616000687,1.98807049491688,1.6673440364418,1.92082478432981
1.557,2.34604320810923,2.04903131525429,1.81152395254801,2.07250145568401,1.7790790227982,2.03532751605264,1.73538084453237,1.98746600963077,1.66667662553694,1.92024428010727
1.558,2.3452975575549,2.04806227414177,1.81068752788532,2.07185751644899,1.77827171587851,2.03470278532575,1.73461644281087,1.98686279250189,1.66601017941018,1.91966515725814
1.559,2.34455298594046,2.04709413750333,1.80985226584698,2.0712148069003,1.77746546438844,2.03407928751015,1.73385295484235,1.98626084353023,1.66534469806151,1.91908741578241
1.56,2.3438094932659,2.04612690533898,1.80901816643298,2.07057332703796,1.77666026832798,2.03345702260585,1.73309038062682,1.9856601627158,1.66468018149093,1.91851105568009
1.561,2.34306707953122,2.04516057764871,1.80818522964333,2.06993307686196,1.77585612769714,2.03283599061283,1.73232872016428,1.9850607500586,1.66401662969844,1.91793607695117
1.562,2.34232574473642,2.04419515443253,1.80735345547804,2.0692940563723,1.7750530424959,2.03221619153111,1.73156797345473,1.98446260555862,1.66335404268405,1.91736247959565
1.563,2.34158548888151,2.04323063569043,1.80652284393709,2.06865626556898,1.77425101272428,2.03159762536067,1.73080814049817,1.98386572921587,1.66269242044775,1.91679026361354
1.564,2.34084631196648,2.04226702142242,1.8056933950205,2.068019704452,1.77345003838227,2.03098029210153,1.73004922129461,1.98327012103035,1.66203176298955,1.91621942900484
1.565,2.34010821399133,2.04130431162849,1.80486510872825,2.06738437302137,1.77265011946988,2.03036419175367,1.72929121584403,1.98267578100205,1.66137207030943,1.91564997576954
1.566,2.33937119495607,2.04034250630865,1.80403798506035,2.06675027127708,1.77185125598709,2.02974932431711,1.72853412414644,1.98208270913098,1.66071334240741,1.91508190390764
1.567,2.33863525486069,2.03938160546289,1.8032120240168,2.06611739921913,1.77105344793393,2.02913568979183,1.72777794620184,1.98149090541713,1.66005557928349,1.91451521341915
1.568,2.33790039370519,2.03842160909122,1.8023872255976,2.06548575684752,1.77025669531037,2.02852328817785,1.72702268201023,1.98090036986051,1.65939878093765,1.91394990430406
1.569,2.33716661148957,2.03746251719364,1.80156358980275,2.06485534416225,1.76946099811643,2.02791211947515,1.72626833157162,1.98031110246112,1.65874294736991,1.91338597656238
1.57,2.33643390821384,2.03650432977014,1.80074111663226,2.06422616116333,1.7686663563521,2.02730218368375,1.72551489488599,1.97972310321895,1.65808807858027,1.9128234301941
1.571,2.33570228387799,2.03554704682072,1.79991980608611,2.06359820785074,1.76787277001738,2.02669348080364,1.72476237195335,1.97913637213401,1.65743417456871,1.91226226519922
1.572,2.33497173848202,2.03459066834539,1.79909965816431,2.0629714842245,1.76708023911227,2.02608601083481,1.7240107627737,1.97855090920629,1.65678123533525,1.91170248157775
1.573,2.33424227202593,2.03363519434414,1.79828067286686,2.0623459902846,1.76628876363678,2.02547977377728,1.72326006734705,1.9779667144358,1.65612926087989,1.91114407932969
1.574,2.33351388450973,2.03268062481698,1.79746285019376,2.06172172603104,1.7654983435909,2.02487476963104,1.72251028567338,1.97738378782254,1.65547825120261,1.91058705845503
1.575,2.33278657593341,2.03172695976391,1.796646190145,2.06109869146383,1.76470897897463,2.02427099839609,1.7217614177527,1.9768021293665,1.65482820630343,1.91003141895377
1.576,2.33206034629697,2.03077419918492,1.7958306927206,2.06047688658295,1.76392066978798,2.02366846007242,1.72101346358501,1.97622173906769,1.65417912618235,1.90947716082592
1.577,2.33133519560042,2.02982234308002,1.79501635792055,2.05985631138842,1.76313341603094,2.02306715466005,1.72026642317032,1.9756426169261,1.65353101083935,1.90892428407147
1.578,2.33061112384375,2.0288713914492,1.79420318574485,2.05923696588023,1.76234721770351,2.02246708215897,1.71952029650861,1.97506476294175,1.65288386027445,1.90837278869043
1.579,2.32988813102696,2.02792134429246,1.7933911761935,2.05861885005838,1.7615620748057,2.02186824256918,1.71877508359989,1.97448817711461,1.65223767448764,1.90782267468279
1.58,2.32916621715005,2.02697220160981,1.79258032926649,2.05800196392287,1.7607779873375,2.02127063589068,1.71803078444416,1.97391285944471,1.65159245347893,1.90727394204856
1.581,2.32844538221303,2.02602396340125,1.79177064496384,2.05738630747371,1.75999495529891,2.02067426212347,1.71728739904143,1.97333880993203,1.65094819724831,1.90672659078773
1.582,2.32772562621589,2.02507662966677,1.79096212328553,2.05677188071088,1.75921297868993,2.02007912126755,1.71654492739168,1.97276602857657,1.65030490579578,1.9061806209003
1.583,2.32700694915863,2.02413020040638,1.79015476423158,2.0561586836344,1.75843205751057,2.01948521332292,1.71580336949492,1.97219451537834,1.64966257912134,1.90563603238628
1.584,2.32628935104126,2.02318467562007,1.78934856780198,2.05554671624426,1.75765219176082,2.01889253828958,1.71506272535116,1.97162427033734,1.649021217225,1.90509282524566
1.585,2.32557283186376,2.02224005530785,1.78854353399672,2.05493597854046,1.75687338144068,2.01830109616753,1.71432299496038,1.97105529345356,1.64838082010675,1.90455099947845
1.586,2.32485739162616,2.02129633946971,1.78773966281582,2.054326470523,1.75609562655016,2.01771088695677,1.71358417832259,1.97048758472701,1.6477413877666,1.90401055508464
1.587,2.32414303032843,2.02035352810566,1.78693695425926,2.05371819219189,1.75531892708925,2.0171219106573,1.7128462754378,1.96992114415769,1.64710292020454,1.90347149206424
1.588,2.32342974797058,2.01941162121569,1.78613540832705,2.05311114354712,1.75454328305795,2.01653416726912,1.71210928630599,1.96935597174559,1.64646541742057,1.90293381041724
1.589,2.32271754455262,2.01847061879981,1.7853350250192,2.05250532458868,1.75376869445627,2.01594765679223,1.71137321092717,1.96879206749072,1.64582887941469,1.90239751014365
1.59,2.32200642007455,2.01753052085801,1.78453580433569,2.05190073531659,1.75299516128419,2.01536237922663,1.71063804930135,1.96822943139307,1.64519330618691,1.90186259124346
1.591,2.32129637453635,2.0165913273903,1.78373774627653,2.05129737573085,1.75222268354173,2.01477833457232,1.70990380142851,1.96766806345265,1.64455869773722,1.90132905371667
1.592,2.32058740793804,2.01565303839667,1.78294085084172,2.05069524583144,1.75145126122889,2.01419552282931,1.70917046730867,1.96710796366946,1.64392505406563,1.90079689756329
1.593,2.31987952027961,2.01471565387713,1.78214511803127,2.05009434561838,1.75068089434565,2.01361394399758,1.70843804694181,1.96654913204349,1.64329237517212,1.90026612278331
1.594,2.31917271156106,2.01377917383167,1.78135054784516,2.04949467509165,1.74991158289203,2.01303359807714,1.70770654032794,1.96599156857475,1.64266066105671,1.89973672937674
1.595,2.31846698178239,2.0128435982603,1.7805571402834,2.04889623425127,1.74914332686802,2.01245448506799,1.70697594746707,1.96543527326324,1.6420299117194,1.89920871734357
1.596,2.31776233094361,2.01190892716302,1.77976489534599,2.04829902309723,1.74837612627363,2.01187660497014,1.70624626835918,1.96488024610895,1.64140012716018,1.89868208668381
1.597,2.31705875904471,2.01097516053981,1.77897381303293,2.04770304162954,1.74760998110885,2.01129995778357,1.70551750300429,1.96432648711188,1.64077130737905,1.89815683739745
1.598,2.3163562660857,2.0100422983907,1.77818389334422,2.04710828984818,1.74684489137368,2.0107245435083,1.70478965140238,1.96377399627205,1.64014345237601,1.8976329694845
1.599,2.31565485206656,2.00911034071567,1.77739513627986,2.04651476775317,1.74608085706812,2.01015036214431,1.70406271355346,1.96322277358944,1.63951656215107,1.89711048294495
1.6,2.31495451698731,2.00817928751472,1.77660754183985,2.0459224753445,1.74531787819218,2.00957741369161,1.70333668945754,1.96267281906405,1.63889063670422,1.8965893777788
1.601,2.31425526084795,2.00724913878786,1.77582111002418,2.04533141262217,1.74455595474585,2.00900569815021,1.7026115791146,1.96212413269589,1.63826567603546,1.89606965398606
1.602,2.31355708364846,2.00631989453509,1.77503584083287,2.04474157958618,1.74379508672913,2.00843521552009,1.70188738252466,1.96157671448496,1.6376416801448,1.89555131156673
1.603,2.31285998538886,2.0053915547564,1.77425173426591,2.04415297623653,1.74303527414203,2.00786596580127,1.7011640996877,1.96103056443125,1.63701864903223,1.89503435052079
1.604,2.31216396606914,2.00446411945179,1.7734687903233,2.04356560257323,1.74227651698454,2.00729794899373,1.70044173060374,1.96048568253477,1.63639658269775,1.89451877084827
1.605,2.3114690256893,2.00353758862127,1.77268700900503,2.04297945859626,1.74151881525666,2.00673116509749,1.69972027527276,1.95994206879552,1.63577548114136,1.89400457254914
1.606,2.31077516424935,2.00261196226484,1.77190639031112,2.04239454430564,1.74076216895839,2.00616561411253,1.69899973369478,1.95939972321349,1.63515534436307,1.89349175562343
1.607,2.31008238174928,2.00168724038249,1.77112693424156,2.04181085970136,1.74000657808974,2.00560129603887,1.69828010586978,1.95885864578869,1.63453617236288,1.89298032007111
1.608,2.30939067818909,2.00076342297423,1.77034864079634,2.04122840478343,1.7392520426507,2.0050382108765,1.69756139179778,1.95831883652111,1.63391796514077,1.8924702658922
1.609,2.30870005356878,1.99984051004005,1.76957150997548,2.04064717955183,1.73849856264127,2.00447635862541,1.69684359147876,1.95778029541076,1.63330072269676,1.8919615930867
1.61,2.30801050788836,1.99891850157995,1.76879554177896,2.04006718400658,1.73774613806146,2.00391573928562,1.69612670491274,1.95724302245764,1.63268444503084,1.8914543016546
1.611,2.30732204114782,1.99799739759395,1.7680207362068,2.03948841814766,1.73699476891125,2.00335635285712,1.6954107320997,1.95670701766174,1.63206913214302,1.8909483915959
1.612,2.30663465334716,1.99707719808202,1.76724709325898,2.03891088197509,1.73624445519067,2.00279819933991,1.69469567303966,1.95617228102307,1.63145478403329,1.89044386291061
1.613,2.30594834448638,1.99615790304419,1.76647461293552,2.03833457548886,1.73549519689969,2.00224127873398,1.6939815277326,1.95563881254162,1.63084140070165,1.88994071559872
1.614,2.30526311456549,1.99523951248043,1.7657032952364,2.03775949868898,1.73474699403833,2.00168559103935,1.69326829617854,1.95510661221741,1.6302289821481,1.88943894966024
1.615,2.30457896358448,1.99432202639077,1.76493314016163,2.03718565157543,1.73399984660658,2.00113113625601,1.69255597837746,1.95457568005041,1.62961752837265,1.88893856509516
1.616,2.30389589154336,1.99340544477518,1.76416414771122,2.03661303414823,1.73325375460444,2.00057791438396,1.69184457432938,1.95404601604064,1.62900703937529,1.88843956190348
1.617,2.30321389844211,1.99248976763369,1.76339631788515,2.03604164640737,1.73250871803192,2.0000259254232,1.69113408403428,1.9535176201881,1.62839751515603,1.88794194008521
1.618,2.30253298428075,1.99157499496627,1.76262965068343,2.03547148835285,1.73176473688901,1.99947516937373,1.69042450749218,1.95299049249279,1.62778895571485,1.88744569964035
1.619,2.30185314905927,1.99066112677295,1.76186414610606,2.03490255998467,1.73102181117571,1.99892564623554,1.68971584470307,1.9524646329547,1.62718136105178,1.88695084056889
1.62,2.30117439277768,1.98974816305371,1.76109980415304,2.03433486130283,1.73027994089202,1.99837735600865,1.68900809566694,1.95194004157384,1.62657473116679,1.88645736287083
1.621,2.30049671543597,1.98883610380855,1.76033662482437,2.03376839230734,1.72953912603795,1.99783029869305,1.68830126038381,1.9514167183502,1.6259690660599,1.88596526654618
1.622,2.29982011703413,1.98792494903748,1.75957460812005,2.03320315299819,1.72879936661349,1.99728447428874,1.68759533885366,1.95089466328379,1.6253643657311,1.88547455159493
1.623,2.29914459757219,1.98701469874049,1.75881375404008,2.03263914337538,1.72806066261865,1.99673988279572,1.68689033107651,1.95037387637461,1.62476063018039,1.88498521801709
1.624,2.29847015705012,1.98610535291759,1.75805406258446,2.03207636343891,1.72732301405341,1.99619652421399,1.68618623705235,1.94985435762265,1.62415785940778,1.88449726581265
1.625,2.29779679546794,1.98519691156878,1.75729553375319,2.03151481318878,1.72658642091779,1.99565439854356,1.68548305678117,1.94933610702792,1.62355605341326,1.88401069498162
1.626,2.29712451282564,1.98428937469404,1.75653816754627,2.03095449262499,1.72585088321178,1.99511350578441,1.68478079026299,1.94881912459041,1.62295521219683,1.88352550552399
1.627,2.29645330912323,1.9833827422934,1.7557819639637,2.03039540174755,1.72511640093539,1.99457384593655,1.68407943749779,1.94830341031013,1.6223553357585,1.88304169743976
1.628,2.29578318436069,1.98247701436684,1.75502692300548,2.02983754055645,1.72438297408861,1.99403541899998,1.68337899848559,1.94778896418708,1.62175642409826,1.88255927072894
1.629,2.29511413853804,1.98157219091436,1.7542730446716,2.02928090905169,1.72365060267144,1.9934982249747,1.68267947322638,1.94727578622125,1.62115847721611,1.88207822539152
1.63,2.29444617165527,1.98066827193597,1.75352032896208,2.02872550723327,1.72291928668388,1.99296226386071,1.68198086172015,1.94676387641265,1.62056149511206,1.88159856142751
1.631,2.29377928371239,1.97976525743167,1.75276877587691,2.02817133510119,1.72218902612594,1.99242753565802,1.68128316396692,1.94625323476127,1.6199654777861,1.8811202788369
1.632,2.29311347470939,1.97886314740145,1.75201838541608,2.02761839265546,1.72145982099761,1.99189404036661,1.68058637996668,1.94574386126712,1.61937042523823,1.8806433776197
1.633,2.29244874464627,1.97796194184532,1.75126915757961,2.02706667989607,1.72073167129889,1.99136177798649,1.67989050971942,1.9452357559302,1.61877633746846,1.8801678577759
1.634,2.29178509352303,1.97706164076327,1.75052109236749,2.02651619682302,1.72000457702979,1.99083074851766,1.67919555322516,1.9447289187505,1.61818321447678,1.87969371930551
1.635,2.29112252133968,1.9761622441553,1.74977418977971,2.02596694343631,1.7192785381903,1.99030095196013,1.67850151048389,1.94422334972803,1.61759105626319,1.87922096220852
1.636,2.2904610280962,1.97526375202142,1.74902844981629,2.02541891973594,1.71855355478042,1.98977238831388,1.6778083814956,1.94371904886278,1.61699986282769,1.87874958648493
1.637,2.28980061379262,1.97436616436163,1.74828387247721,2.02487212572191,1.71782962680015,1.98924505757893,1.67711616626031,1.94321601615477,1.61640963417029,1.87827959213475
1.638,2.28914127842891,1.97346948117592,1.74754045776248,2.02432656139423,1.7171067542495,1.98871895975526,1.67642486477801,1.94271425160397,1.61582037029099,1.87781097915798
1.639,2.28848302200509,1.9725737024643,1.74679820567211,2.02378222675289,1.71638493712846,1.98819409484288,1.6757344770487,1.94221375521041,1.61523207118977,1.8773437475546
1.64,2.28782584452115,1.97167882822676,1.74605711620608,2.02323912179789,1.71566417543703,1.9876704628418,1.67504500307237,1.94171452697407,1.61464473686665,1.87687789732464
1.641,2.28716974597709,1.97078485846331,1.7453171893644,2.02269724652923,1.71494446917522,1.987148063752,1.67435644284904,1.94121656689495,1.61405836732162,1.87641342846807
1.642,2.28651472637291,1.96989179317394,1.74457842514708,2.02215660094691,1.71422581834302,1.9866268975735,1.6736687963787,1.94071987497306,1.61347296255469,1.87595034098491
1.643,2.28586078570862,1.96899963235866,1.7438408235541,2.02161718505093,1.71350822294043,1.98610696430628,1.67298206366134,1.9402244512084,1.61288852256584,1.87548863487516
1.644,2.28520792398421,1.96810837601746,1.74310438458547,2.0210789988413,1.71279168296746,1.98558826395036,1.67229624469698,1.93973029560096,1.6123050473551,1.87502831013881
1.645,2.28455614119969,1.96721802415035,1.74236910824119,2.02054204231801,1.71207619842409,1.98507079650573,1.67161133948561,1.93923740815075,1.61172253692244,1.87456936677587
1.646,2.28390543735504,1.96632857675732,1.74163499452126,2.02000631548106,1.71136176931034,1.98455456197238,1.67092734802723,1.93874578885777,1.61114099126788,1.87411180478633
1.647,2.28325581245028,1.96544003383838,1.74090204342568,2.01947181833045,1.71064839562621,1.98403956035033,1.67024427032184,1.93825543772201,1.61056041039141,1.87365562417019
1.648,2.2826072664854,1.96455239539352,1.74017025495445,2.01893855086619,1.70993607737168,1.98352579163957,1.66956210636943,1.93776635474348,1.60998079429303,1.87320082492746
1.649,2.28195979946041,1.96366566142275,1.73943962910757,2.01840651308826,1.70922481454677,1.98301325584009,1.66888085617002,1.93727853992218,1.60940214297275,1.87274740705813
1.65,2.28131341137529,1.96277983192607,1.73871016588504,2.01787570499668,1.70851460715148,1.98250195295191,1.6682005197236,1.9367919932581,1.60882445643056,1.87229537056221
1.651,2.28066810223006,1.96189490690347,1.73798186528686,2.01734612659144,1.70780545518579,1.98199188297502,1.66752109703017,1.93630671475124,1.60824773466647,1.87184471543969
1.652,2.28002387202472,1.96101088635495,1.73725472731303,2.01681777787254,1.70709735864972,1.98148304590942,1.66684258808973,1.93582270440161,1.60767197768046,1.87139544169057
1.653,2.27938072075925,1.96012777028052,1.73652875196355,2.01629065883998,1.70639031754326,1.9809754417551,1.66616499290227,1.93533996220921,1.60709718547255,1.87094754931486
1.654,2.27873864843367,1.95924555868017,1.73580393923841,2.01576476949377,1.70568433186641,1.98046907051208,1.66548831146781,1.93485848817404,1.60652335804274,1.87050103831256
1.655,2.27809765504797,1.95836425155391,1.73508028913763,2.01524010983389,1.70497940161918,1.97996393218035,1.66481254378634,1.93437828229609,1.60595049539101,1.87005590868366
1.656,2.27745774060215,1.95748384890174,1.7343578016612,2.01471667986036,1.70427552680156,1.97946002675991,1.66413768985786,1.93389934457537,1.60537859751738,1.86961216042816
1.657,2.27681890509622,1.95660435072365,1.73363647680911,2.01419447957317,1.70357270741355,1.97895735425076,1.66346374968237,1.93342167501187,1.60480766442185,1.86916979354607
1.658,2.27618114853017,1.95572575701964,1.73291631458138,2.01367350897232,1.70287094345516,1.9784559146529,1.66279072325987,1.9329452736056,1.6042376961044,1.86872880803738
1.659,2.275544470904,1.95484806778972,1.732197314978,2.01315376805781,1.70217023492638,1.97795570796633,1.66211861059035,1.93247014035655,1.60366869256505,1.8682892039021
1.66,2.27490887221772,1.95397128303389,1.73147947799896,2.01263525682965,1.70147058182721,1.97745673419105,1.66144741167383,1.93199627526474,1.6031006538038,1.86785098114022
1.661,2.27427435247131,1.95309540275214,1.73076280364428,2.01211797528783,1.70077198415765,1.97695899332706,1.6607771265103,1.93152367833014,1.60253357982063,1.86741413975175
1.662,2.2736409116648,1.95222042694448,1.73004729191394,2.01160192343234,1.70007444191771,1.97646248537436,1.66010775509976,1.93105234955278,1.60196747061556,1.86697867973668
1.663,2.27300854979816,1.9513463556109,1.72933294280795,2.01108710126321,1.69937795510738,1.97596721033295,1.65943929744221,1.93058228893264,1.60140232618859,1.86654460109501
1.664,2.2723772668714,1.9504731887514,1.72861975632632,2.01057350878041,1.69868252372666,1.97547316820283,1.65877175353765,1.93011349646972,1.6008381465397,1.86611190382675
1.665,2.27174706288453,1.949600926366,1.72790773246903,2.01006114598395,1.69798814777556,1.974980358984,1.65810512338608,1.92964597216403,1.60027493166891,1.8656805879319
1.666,2.27111793783754,1.94872956845467,1.72719687123609,2.00955001287384,1.69729482725407,1.97448878267647,1.6574394069875,1.92917971601557,1.59971268157621,1.86525065341044
1.667,2.27048989173044,1.94785911501743,1.72648717262751,2.00904010945007,1.69660256216219,1.97399843928022,1.65677460434191,1.92871472802434,1.59915139626161,1.8648221002624
1.668,2.26986292456322,1.94698956605428,1.72577863664327,2.00853143571263,1.69591135249992,1.97350932879526,1.6561107154493,1.92825100819033,1.5985910757251,1.86439492848775
1.669,2.26923703633587,1.94612092156521,1.72507126328338,2.00802399166155,1.69522119826727,1.97302145122159,1.65544774030969,1.92778855651354,1.59803171996668,1.86396913808651
1.67,2.26861222704842,1.94525318155023,1.72436505254784,2.0075177772968,1.69453209946423,1.97253480655921,1.65478567892307,1.92732737299399,1.59747332898635,1.86354472905868
1.671,2.26798849670084,1.94438634600933,1.72366000443665,2.00701279261839,1.69384405609081,1.97204939480813,1.65412453128944,1.92686745763166,1.59691590278412,1.86312170140425
1.672,2.26736584529315,1.94352041494252,1.72295611894981,2.00650903762633,1.69315706814699,1.97156521596833,1.6534642974088,1.92640881042655,1.59635944135998,1.86270005512323
1.673,2.26674427282534,1.9426553883498,1.72225339608732,2.00600651232061,1.69247113563279,1.97108227003982,1.65280497728115,1.92595143137867,1.59580394471394,1.8622797902156
1.674,2.26612377929741,1.94179126623115,1.72155183584918,2.00550521670123,1.6917862585482,1.97060055702261,1.65214657090649,1.92549532048802,1.59524941284599,1.86186090668139
1.675,2.26550436470937,1.9409280485866,1.72085143823539,2.00500515076819,1.69110243689323,1.97012007691668,1.65148907828482,1.92504047775459,1.59469584575613,1.86144340452058
1.676,2.26488602906121,1.94006573541613,1.72015220324595,2.00450631452149,1.69041967066787,1.96964082972205,1.65083249941614,1.92458690317839,1.59414324344436,1.86102728373317
1.677,2.26426877235293,1.93920432671974,1.71945413088086,2.00400870796114,1.68973795987212,1.9691628154387,1.65017683430045,1.92413459675942,1.59359160591069,1.86061254431917
1.678,2.26365259458453,1.93834382249744,1.71875722114012,2.00351233108713,1.68905730450598,1.96868603406664,1.64952208293775,1.92368355849767,1.59304093315511,1.86019918627857
1.679,2.26303749575602,1.93748422274922,1.71806147402373,2.00301718389946,1.68837770456946,1.96821048560588,1.64886824532804,1.92323378839314,1.59249122517762,1.85978720961137
1.68,2.26242347586739,1.93662552747509,1.71736688953168,2.00252326639813,1.68769916006255,1.96773617005641,1.64821532147132,1.92278528644585,1.59194248197823,1.85937661431758
1.681,2.26181053491865,1.93576773667505,1.71667346766399,2.00203057858314,1.68702167098525,1.96726308741822,1.64756331136759,1.92233805265578,1.59139470355693,1.8589674003972
1.682,2.26119867290978,1.93491085034909,1.71598120842065,2.00153912045449,1.68634523733757,1.96679123769133,1.64691221501685,1.92189208702293,1.59084788991373,1.85855956785022
1.683,2.2605878898408,1.93405486849721,1.71529011180165,2.00104889201219,1.68566985911949,1.96632062087572,1.6462620324191,1.92144738954731,1.59030204104861,1.85815311667664
1.684,2.2599781857117,1.93319979111942,1.71460017780701,2.00055989325623,1.68499553633103,1.96585123697141,1.64561276357434,1.92100396022892,1.58975715696159,1.85774804687647
1.685,2.25936956052248,1.93234561821572,1.71391140643671,2.00007212418661,1.68432226897219,1.96538308597839,1.64496440848257,1.92056179906776,1.58921323765267,1.8573443584497
1.686,2.25876201427315,1.9314923497861,1.71322379769077,1.99958558480333,1.68365005704296,1.96491616789665,1.64431696714379,1.92012090606382,1.58867028312183,1.85694205139634
1.687,2.2581555469637,1.93063998583056,1.71253735156917,1.99910027510639,1.68297890054334,1.96445048272621,1.643670439558,1.9196812812171,1.58812829336909,1.85654112571638
1.688,2.25755015859413,1.92978852634911,1.71185206807193,1.9986161950958,1.68230879947333,1.96398603046706,1.6430248257252,1.91924292452762,1.58758726839444,1.85614158140983
1.689,2.25694584916445,1.92893797134175,1.71116794719903,1.99813334477154,1.68163975383293,1.96352281111919,1.6423801256454,1.91880583599536,1.58704720819789,1.85574341847668
1.69,2.25634261867464,1.92808832080847,1.71048498895049,1.99765172413363,1.68097176362215,1.96306082468262,1.64173633931858,1.91837001562032,1.58650811277943,1.85534663691693
1.691,2.25574046712472,1.92723957474928,1.70980319332629,1.99717133318206,1.68030482884099,1.96260007115734,1.64109346674475,1.91793546340251,1.58596998213906,1.85495123673059
1.692,2.25513939451469,1.92639173316417,1.70912256032644,1.99669217191683,1.67963894948943,1.96214055054335,1.64045150792391,1.91750217934193,1.58543281627679,1.85455721791766
1.693,2.25453940084453,1.92554479605314,1.70844308995094,1.99621424033795,1.67897412556749,1.96168226284065,1.63981046285606,1.91707016343857,1.58489661519261,1.85416458047813
1.694,2.25394048611426,1.92469876341621,1.7077647821998,1.9957375384454,1.67831035707516,1.96122520804924,1.6391703315412,1.91663941569244,1.58436137888652,1.853773324412
1.695,2.25334265032387,1.92385363525335,1.707087637073,1.9952620662392,1.67764764401244,1.96076938616912,1.63853111397933,1.91620993610353,1.58382710735853,1.85338344971927
1.696,2.25274589347337,1.92300941156459,1.70641165457055,1.99478782371934,1.67698598637934,1.96031479720029,1.63789281017045,1.91578172467186,1.58329380060862,1.85299495639996
1.697,2.25215021556274,1.9221660923499,1.70573683469245,1.99431481088582,1.67632538417585,1.95986144114275,1.63725542011456,1.9153547813974,1.58276145863682,1.85260784445404
1.698,2.251555616592,1.92132367760931,1.7050631774387,1.99384302773865,1.67566583740197,1.9594093179965,1.63661894381167,1.91492910628018,1.5822300814431,1.85222211388153
1.699,2.25096209656115,1.92048216734279,1.7043906828093,1.99337247427781,1.6750073460577,1.95895842776154,1.63598338126176,1.91450469932018,1.58169966902748,1.85183776468243
1.7,2.25036965547017,1.91964156155037,1.70371935080425,1.99290315050332,1.67434991014305,1.95850877043787,1.63534873246484,1.9140815605174,1.58117022138995,1.85145479685673
