Wavelength_nm_,N__SWG__15,N__SWG__14,N__SWG__13,N__SWG__12,N__SWG__11,N__SWG__10,N__SWG__9,N__SWG__8,N__SWG__7,N__SWG__6,N__SWG__5,N__SWG__4,N__SWG__3,N__SWG__2
1700,0.818356298505633,0.821752236863374,0.78182424915108,0.747105352194956,0.682548345610075,0.603896918139542,0.520186316397715,0.427312954478176,0.339498895313689,0.255398037985299,0.178507681071404,0.11979142493213,0.0750273110326139,0.0551082383518343
1698.49246231156,0.820482552476372,0.822987829447596,0.783625605142043,0.747411405242046,0.682439168609141,0.60351579968853,0.519426506476562,0.426463805973854,0.338465771943124,0.254379776762373,0.177518394733951,0.118813136009326,0.0742236496310451,0.0543630291074318
1696.98492462312,0.822605211401017,0.824217629552795,0.785431082962026,0.747713707147999,0.682326995039814,0.603130655426804,0.518665103716649,0.425611755212758,0.337432031193717,0.253360285614741,0.176530253293617,0.117833965597816,0.0734201095016344,0.0536185529062574
1695.47738693467,0.824723608106959,0.825443248292595,0.787239558966687,0.748012134988075,0.682211781274269,0.602741365527873,0.517902086300502,0.424756744366235,0.336397642541202,0.252339564826188,0.175543223802957,0.116853952312303,0.0726166288828342,0.052874859732978
1693.96984924623,0.826837056876881,0.826666698083632,0.789049731449346,0.748306576380018,0.682093506057305,0.602347825967635,0.517137443151064,0.423898734583954,0.335362573032119,0.251317629322004,0.174557243392546,0.115873159225126,0.0718131310307853,0.0521319972197729
1692.46231155779,0.828944925643241,0.827890135642703,0.790860431368797,0.748596931521013,0.68197216436985,0.60194995285605,0.516371168085918,0.423037708725167,0.334326784659053,0.250294509151487,0.1735722198593,0.114891670113789,0.0710095301223841,0.0513900077120178
1690.95477386935,0.831046688518669,0.829115666695357,0.792670941967012,0.748883114908979,0.681847762357195,0.601547685582777,0.515603255352781,0.422173672988419,0.333290232708033,0.24927024936915,0.172588033258235,0.113909585805947,0.0702057361705682,0.0506489261232754
1689.4472361809,0.833141963093978,0.830345183406491,0.794481767303967,0.749165056768343,0.681720313198987,0.601140988920624,0.514833696368938,0.421306657587695,0.332252864941123,0.248244909406341,0.171604538309848,0.112927020623219,0.0694016591023912,0.0499087784516768
1687.93969849246,0.835230536587311,0.831580202395971,0.796299747750953,0.749442704199514,0.681589833808239,0.600729854220297,0.514062477501267,0.420436716612221,0.331214621487752,0.247218562018271,0.170621567455295,0.111944098924417,0.0685972121367496,0.0491695808407949
1686.43216080402,0.837312384718752,0.832821660308869,0.798124439362201,0.749716022070763,0.6814563422556,0.600314299820721,0.513289578736238,0.419563927197292,0.330175435328229,0.246191291885152,0.16963893441319,0.110960951744897,0.0677923145893213,0.0484313390768272
1684.92462311558,0.839387687071724,0.834069591958312,0.799929505619531,0.749984993671018,0.68131985582342,0.599894370790757,0.512514973101099,0.418688388124178,0.329135233262221,0.245163193939986,0.168656438116824,0.109977713521331,0.0669868942266,0.0476940484210495
1683.41708542714,0.841456842667661,0.835322510311503,0.801696083776018,0.75024962114213,0.681180389601714,0.59947013811024,0.511738626708601,0.417810217958206,0.328093937264063,0.244134371489518,0.167673866940416,0.10899451888013,0.0661808892882673,0.046957693682628
1681.90954773869,0.843520489545686,0.836575934948999,0.803405311409364,0.750509925709357,0.681037955545418,0.599041697390728,0.510960499308386,0.416929552825351,0.327051466135677,0.243104934188803,0.166691003159219,0.108011499452458,0.0653742502971311,0.0462222494423462
1680.40201005025,0.845579532396971,0.837818398886785,0.805038384299308,0.750765947729057,0.68089256191936,0.598609167228985,0.510180545238644,0.416046543919026,0.326007737376679,0.242074995923827,0.16570762763217,0.107028780659043,0.064566941778352,0.0454876803427341
1678.89447236181,0.847635182955293,0.839023426755091,0.806576939969443,0.751017746572703,0.680744213064403,0.598172687279041,0.509398714681896,0.415161354820206,0.32496266919994,0.241044672650653,0.164723524748752,0.106046478382972,0.0637589440149561,0.0447539413643009
1677.38693467337,0.849689019193268,0.840349380215954,0.808004059479268,0.751265400366337,0.680592909425267,0.597732416121529,0.508614955138838,0.414274158705642,0.323916182629359,0.240014080233745,0.163738487745584,0.105064695417259,0.0629502549757382,0.0440209780105239
1675.87939698492,0.851743071459713,0.841727533048792,0.809305723215016,0.751509005604061,0.680438647787783,0.597288529002081,0.507829213043868,0.413385135510916,0.32286820362459,0.238983332320727,0.162752324576105,0.104083517533246,0.0621408925670412,0.0432887263250358
1674.37185929648,0.853799944225897,0.843166441513082,0.810472339799936,0.751748676653181,0.680281421680729,0.596841215503902,0.507041435454999,0.41249446910776,0.321818665184775,0.237952538286116,0.161764864615085,0.103103008959852,0.0613308973865861,0.0425571126621329
1672.86432160804,0.855862967075054,0.844668120887586,0.811500028957398,0.751984545166716,0.680121221904944,0.596390677213614,0.506251571758898,0.411602344548892,0.32076750938921,0.236921801272996,0.160775966613023,0.102123206978419,0.0605203362054299,0.0418260531264328
1671.3567839196,0.857936274682976,0.846228443357919,0.812391502253208,0.752216759415969,0.67995803716002,0.595937125434359,0.505459575338209,0.410708945429303,0.319714689336875,0.235891216359777,0.159785528515958,0.101144115193895,0.0597093064919368,0.0410954525937737
1669.84924623116,0.860024306093214,0.847837996367443,0.813156541561877,0.752445483551264,0.679791854746305,0.595480778996593,0.504665405152085,0.409814451411312,0.31866017094764,0.234860868879911,0.158793500104191,0.100165694776973,0.0588979424535303,0.040365203241455
1668.34170854271,0.862128891085269,0.849483272987314,0.813812180966359,0.752670896792321,0.67962266132685,0.595021862215693,0.503869027181011,0.408919035962998,0.317603934584717,0.233830832926684,0.15779990002948,0.0991878524519391,0.0580864233671402,0.0396351826074732
1666.83417085427,0.864240477085982,0.851148029090054,0.814382720981415,0.752893192544865,0.679450443740965,0.594560603042985,0.503070415689087,0.408022864359211,0.31654597645719,0.23280117007687,0.156804840090835,0.098210422949004,0.0572749854905456,0.0389052515274214
1665.32663316583,0.866252649287167,0.852814665397499,0.814899402448315,0.753112577456067,0.679275189872604,0.594097231435906,0.502269554291403,0.407126091958492,0.315486309798276,0.231771928335285,0.155808562281721,0.0972331414528788,0.0564639397030123,0.0381752533078785
1663.81909547739,0.868240127517868,0.854465551924522,0.815398976485232,0.753329270455115,0.679096889591059,0.593631977936012,0.501466436875339,0.40622886270245,0.314424965883574,0.230743141241596,0.154811499513545,0.0962555973367691,0.0556536981730059,0.0374450182336294
1662.31155778894,0.870193552544049,0.856084255931543,0.81592077737845,0.753543501832696,0.678915535785032,0.593165072430131,0.500661068441014,0.405331307761405,0.313361994973069,0.22971482706084,0.153814380289601,0.095277153303411,0.0548448138988096,0.036714384328895
1660.8040201005,0.872104363034386,0.857656647995947,0.81650276824399,0.753755512408297,0.678731125505174,0.592696743064478,0.499853465920431,0.404433544243207,0.312297467258673,0.228686987974242,0.152818410606248,0.0942968052777655,0.0540380327081928,0.0359832610567173
1659.29648241206,0.873965312573648,0.859171786771815,0.817177343314341,0.753965552826534,0.678543661213009,0.592227215269154,0.49904365902446,0.403535673866566,0.311231473897974,0.227659609175168,0.151825568325282,0.0933129630675828,0.0532343333161445,0.0352517931309207
1657.78894472362,0.875770997363879,0.86062239785572,0.81796761677085,0.754173883009778,0.678353152098102,0.591756710822315,0.498231691150757,0.402637781465959,0.310164128217823,0.226632657748957,0.150838962516009,0.0923232179488647,0.0524348466046567,0.0345207121990755
1656.28140703518,0.877518330421488,0.862004896425702,0.818884745556838,0.754380771764445,0.678159615356981,0.591285446824727,0.497417620359297,0.401739933128354,0.309095567179739,0.225606081166575,0.149862814169588,0.0913245313241666,0.0516403408266381,0.0337918555012696
1654.77386934673,0.879206866959773,0.863319042234626,0.819926529890531,0.754586496473382,0.677963077203817,0.590813634340275,0.496601520376627,0.400842173639495,0.308025953213821,0.224579805136725,0.148869560488919,0.0903295086017269,0.0508360464009902,0.0330971664277754
1653.26633165829,0.880838898787441,0.864567371900856,0.821077013928046,0.754791342668481,0.677763573166785,0.590341476238323,0.495783481509692,0.399944522699888,0.306955476548433,0.223553730418868,0.147877550788009,0.089333689142286,0.0500320391954833,0.0324097943410309
1651.75879396985,0.882419279353218,0.865754537635828,0.822306598482094,0.754995602962439,0.677561146872517,0.589869163356274,0.494963611206115,0.399046968999697,0.305884358173957,0.22252772798425,0.146886097465004,0.0883383365510914,0.0492277416012484,0.0317303305990017
1650.25125628141,0.883954986988269,0.86688659958241,0.823573155581109,0.755199574102838,0.677355845987946,0.589396867310887,0.494142033738329,0.398149460629356,0.304812853535821,0.22150163162054,0.145894235535623,0.0873448620950493,0.0484226818151725,0.0310592294279119
1648.74371859296,0.885454468139837,0.867970239059494,0.824825215324399,0.755403549641772,0.677147713061857,0.588924726890561,0.493318888042525,0.397251889251723,0.303741256956881,0.220475226600334,0.144900767394568,0.0863547911578354,0.047616508763445,0.0303968045568286
1647.23618090452,0.886926820885877,0.869011841826301,0.826007135484569,0.755607803572546,0.676936767387148,0.588452822554661,0.492494321995509,0.396354063674253,0.302669906614654,0.21944823224333,0.143904325554829,0.0853697193062821,0.0468090079420234,0.0297432300358107
1645.72864321608,0.888380888721976,0.870016506592902,0.827065341129819,0.755812556572513,0.6767229713778,0.587981129470979,0.491668480192008,0.39545566555163,0.30159918951305,0.21842027502858,0.142903451277869,0.0843912597079488,0.0460001172492633,0.029098545381436
1644.22110552764,0.889824339255686,0.870987264709631,0.827954549177745,0.756017910253109,0.676506170985128,0.587509432823606,0.490841480410734,0.394556175473585,0.300529545072597,0.217390847357319,0.141896686203359,0.0834209840431549,0.0451899419188772,0.0284626649474504
1642.7135678392,0.891262812109893,0.871924746204523,0.828642983484705,0.756223725047413,0.67628599442059,0.587037178981218,0.490013371427759,0.393654751504358,0.29946146435987,0.21635924547313,0.140882673434727,0.0824603593693473,0.0443787676876732,0.027835391222906
1641.20603015075,0.892699244662992,0.872827268941496,0.829115815500151,0.756429404139708,0.676061688710501,0.586563223165209,0.489184062467076,0.392750035749214,0.298395479092246,0.215324479844237,0.13986026314301,0.0815106842397438,0.0435670710342622,0.0272164316425396
1639.69849246231,0.89413347712125,0.873691197728411,0.829376635474687,0.756633534286831,0.675831876667755,0.586085425105978,0.488353215829467,0.391839864219737,0.297332130096252,0.214285156750371,0.138828614558859,0.0805730294845672,0.0427555243223185,0.0266054184891019
1638.19095477387,0.895562197266103,0.874511414379002,0.829447669970266,0.756833345672065,0.675594249339701,0.585600063266733,0.487520109671541,0.3909208811192,0.296271900286781,0.213239351370217,0.13778728534204,0.0796481895690368,0.0419449934957966,0.0260019314023793
1636.68341708543,0.896979235165275,0.875281814145176,0.829369007051151,0.757024048732569,0.67534532342796,0.585101152682444,0.48668353404138,0.389988159528268,0.295215100415495,0.212184551408832,0.136736301353463,0.0787366488501306,0.0411365269083069,0.0254055218067659
1635.17587939699,0.898376163505626,0.875995863244094,0.829195628913434,0.75719842392907,0.67508069096752,0.584580102936889,0.485841934186089,0.389035197260168,0.29416173319143,0.211117875210878,0.135676202271504,0.0778385651187771,0.0403313350036263,0.0248157383222442
1633.66834170854,0.899743116815304,0.876647311759613,0.828991833880586,0.757347792313511,0.674796799636611,0.584026936139747,0.484994341348321,0.388055183519793,0.293111498378589,0.210036960419312,0.134608060340157,0.0769537714327725,0.0395307613121028,0.0242321521207181
1632.1608040201,0.901069728409482,0.877231091986766,0.828823875115092,0.757332449806589,0.67438100736379,0.583325197273244,0.484079369813987,0.387006530466224,0.292036635924387,0.208957629372862,0.133533470992201,0.0760817962358986,0.0387362457130729,0.0236543811861979
1630.65326633166,0.902346099863799,0.877744203029932,0.828752059649498,0.757296035500028,0.673956881677629,0.582601762281102,0.483164524351097,0.385944952492247,0.290967701463065,0.207875699233602,0.132454515348585,0.0752219009279859,0.0379492812659751,0.0230821124880493
1629.14572864322,0.903563721703335,0.878186296025346,0.828823548159597,0.757238569872371,0.673525322858566,0.581857221614046,0.482250142941037,0.384871364681525,0.289904632948078,0.206792160834198,0.131373695788529,0.0743731332863465,0.0371713662113012,0.0225151211480376
1627.63819095477,0.90471625693594,0.878559876863287,0.829066957171699,0.757160264113481,0.673086940800027,0.581092468126646,0.481336261485765,0.383786921524131,0.288847142768371,0.205708129358336,0.130293847302623,0.0735343940284763,0.0364039533595342,0.0219532855391563
1626.13065326633,0.905800105290807,0.878870249980203,0.82948944170907,0.757061502041861,0.672642083272515,0.580308653105763,0.480422657303265,0.382692972772167,0.287794755850452,0.204624811348424,0.129218029451055,0.0727045120799413,0.0356484002550761,0.021396596755787
1624.62311557789,0.906814687758128,0.879125367226628,0.830075910152374,0.756942816408928,0.672190869713386,0.57950713777284,0.479508897505931,0.38159101511244,0.286746852879778,0.203543468379722,0.128149405118983,0.0718823233912837,0.0349059236197378,0.0208451611396479
1623.11557788945,0.907762422506743,0.879335680595067,0.830789553245903,0.756804860829131,0.671733229254053,0.578689441554824,0.478594390966973,0.380482640830168,0.285702717479473,0.202465378339693,0.127091113251756,0.0710667481437421,0.0341775608530692,0.0202991954383825
1621.608040201,0.908648408851524,0.879513962961362,0.831574540796488,0.756648379862364,0.671268940748456,0.577857189417126,0.477678441625597,0.379369485671351,0.284661585130689,0.2013917962367,0.1260461438258,0.0702568612624328,0.0334641404777463,0.0197590152199604
1620.10050251256,0.909479882773139,0.879674967950914,0.832361575847543,0.756474180550362,0.670797671989456,0.57701206115064,0.476760300306088,0.378253178730314,0.283622690983775,0.200323917044119,0.125017222671548,0.0694519519290082,0.0327662626841528,0.0192250176542226
1618.59296482412,0.910265543328673,0.879834816037967,0.833075636738629,0.756283108049583,0.670319015753276,0.576155745063153,0.475839212578084,0.377135296827343,0.282585314027807,0.199262842760118,0.124006711022974,0.0686515694408586,0.0320842905350297,0.0186976596205077
1617.08542713568,0.911014840710615,0.880010139514956,0.833644667934048,0.756076027107382,0.669832520949819,0.575289897894168,0.474914460719644,0.376017325288751,0.281548815597267,0.19820955536128,0.123016523190813,0.0678555537565153,0.0314183519230105,0.0181774321251526
1615.57788944724,0.911737285448713,0.88021714400425,0.834007909104469,0.755853810367923,0.669337717715276,0.57441611221166,0.473985398334992,0.374900626535583,0.280512670670694,0.197164896867257,0.122048065207604,0.0670640496045257,0.0307683519725298,0.0176648322101433
1614.07035175879,0.912441815828059,0.880470739869893,0.834122604511904,0.755617333868701,0.66883413576449,0.573535892057193,0.473051476627365,0.373786417425015,0.279476490858824,0.196129557311776,0.121102197826649,0.0662775031086552,0.0301339952242328,0.0171603340599531
1612.56281407035,0.913136260707037,0.880783725676791,0.833968103967352,0.755367479584506,0.668321315734618,0.572650637171018,0.472112261744349,0.372675755860015,0.278440038398186,0.195104071023778,0.120179228173578,0.0654966398167045,0.0295148165867974,0.0166643616735576
1611.05527638191,0.913826941723446,0.881165944657131,0.833547290471482,0.755105144170385,0.667798813850631,0.571761635568423,0.471167443145275,0.371569536671781,0.277403230957723,0.194088821174684,0.119278932437618,0.064722424202926,0.0289102195567104,0.0161772652463243
1609.54773869347,0.914518453646281,0.881623390375789,0.832886325521421,0.754831251047249,0.667266201878627,0.570870062956855,0.470216834068256,0.37046849581675,0.276366137942616,0.193084051765512,0.118400608735496,0.0639560025562178,0.0283195196156213,0.0156993028209082
1608.04020100503,0.915213636261718,0.882157359292414,0.832032558125071,0.754546760743639,0.666723066149822,0.569976986123058,0.469260366397743,0.369373220915702,0.275328969921113,0.192089885390195,0.11754315543614,0.0631986334032397,0.02774199003197,0.0152306280955948
1606.53266331658,0.915913714516981,0.882763841836946,0.831050085962172,0.754252675217339,0.666169008926264,0.569083367707469,0.468298082161247,0.368284166149557,0.274292062914584,0.191106345014673,0.116705167359471,0.0624516112630427,0.0271769068257294,0.0147712847388902
1605.02512562814,0.916618543810693,0.883433362071956,0.830013332949398,0.753950033426053,0.665603654348651,0.568190070389116,0.467330123568105,0.367201669682765,0.273255859258851,0.190133378056191,0.115885043038512,0.0617161887697882,0.0266235902513936,0.0143212072789094
1603.5175879397,0.917326885361107,0.884151417694172,0.828999502991177,0.753639896793478,0.665026660349063,0.56729785896367,0.466356723325167,0.366125971825366,0.272220886814188,0.189170881010666,0.115081098020939,0.0609935007834644,0.0260814410353138,0.0138802284432278
1602.01005025126,0.918036690963559,0.884899500771199,0.828080956480711,0.753323324421266,0.664437737228093,0.566407399116143,0.465378196924069,0.365057232070872,0.271187738474673,0.18821872275496,0.114291678686366,0.0602844942586498,0.0255499697355885,0.0134480925409899
1600.50251256281,0.918745419586498,0.88565649009579,0.827318690299115,0.75300133887992,0.663836673053758,0.565519251939842,0.464394938575134,0.363995543081442,0.27015705407518,0.187276764558519,0.11351526814724,0.0595898694290253,0.0250288170184267,0.0130244740273935
1598.99497487437,0.919450388304508,0.886400270580516,0.826758043647,0.752674884055641,0.663223365392242,0.564633863838384,0.463407421865986,0.36294094023583,0.269129506294749,0.186344875309321,0.112750574805172,0.0589100383166022,0.02451776265153,0.0126090000730143
1597.48743718593,0.920149130537986,0.887109517971246,0.826426999870365,0.752344778212263,0.662597857024586,0.56375155312583,0.462416204493331,0.361893406838541,0.26810579080768,0.185422941606225,0.111996596451395,0.0582451047131418,0.0240167220243932,0.012201275871048
1595.97989949749,0.920839720639452,0.887765560914095,0.826336069506717,0.752011669524724,0.661960369887651,0.562872497128867,0.461421934420724,0.360852876449755,0.267086619949667,0.184510873099013,0.111252655817943,0.057594867376462,0.0235257303005684,0.0118009113096252
1594.47236180905,0.921521029100636,0.888354159292754,0.826479033629351,0.751676001550605,0.661311331376513,0.561996723655347,0.460425354753733,0.35981923385463,0.266072719138459,0.183608603511999,0.11051840689062,0.056958845430548,0.0230449158468247,0.0114075474278741
1592.9648241206,0.922192893644517,0.888866976800839,0.826834644428363,0.751337993809371,0.660651389007634,0.561124109436901,0.459427305488111,0.358792315734054,0.265064825534869,0.182716087723282,0.109793814157312,0.0563363225638178,0.0225744659584425,0.011020880847825
1591.45728643216,0.922856224626466,0.889302465607531,0.827369391454431,0.750997640502828,0.659981411100204,0.560254387095603,0.458428720949893,0.357771911820041,0.264063688498513,0.18183329537674,0.109079108249749,0.0557264057533937,0.022114588266061,0.0106406844696841
1589.94974874372,0.92351307545291,0.889665886144963,0.828041192481363,0.750654728554535,0.659302472536582,0.559387161322041,0.457430622239767,0.356757767161769,0.263070071359926,0.180960201692663,0.108374721465446,0.0551280949268766,0.0216654704252479,0.010266823284974
1588.44221105528,0.924166638738931,0.889968435197514,0.828803570025638,0.750308874444454,0.658615825923172,0.558521934198243,0.456434104385441,0.355749586043995,0.262084753935268,0.180096776383998,0.107681208409306,0.0545403590497957,0.0212272409278354,0.00989926436995094
1586.93467336683,0.92482109761379,0.890225743880422,0.829609552981665,0.749959577642279,0.657922859673923,0.557658138893133,0.455440318225859,0.354747038076832,0.261108535042187,0.179242971887696,0.106999159591499,0.0539622123538965,0.020799934669918,0.00953808012350936
1585.42713567839,0.92548130425319,0.890456023044376,0.830414406387732,0.749606285909025,0.657225046266722,0.556795179825805,0.45445044757732,0.353749766866722,0.260142234012131,0.17839871246277,0.106329115462043,0.0533927849044083,0.0203834664488452,0.00918344413617292
1583.91959798995,0.926152300922613,0.890678037765667,0.83117681320052,0.749248463893782,0.65652388650164,0.55593247544253,0.453465683321745,0.352757401172823,0.259186690018811,0.177563885778029,0.105671487028129,0.0528313829904182,0.0199776146057046,0.00883561956385741
1582.41206030151,0.926838725731518,0.890909069733296,0.831859479915315,0.748885655870356,0.65582085603412,0.555069499281952,0.452487196507709,0.351769568071388,0.258242758278494,0.176738338231725,0.105026488014351,0.052277536105523,0.019582015968823,0.00849494049362958
1580.90452261307,0.927544159155424,0.891163022559218,0.832430271911148,0.748517535637976,0.655117359034184,0.554205816002858,0.451516112167927,0.350785907686808,0.257311302500681,0.175921874888686,0.104394082484086,0.0517310286279304,0.0191961719913057,0.00816178761671299
1579.39698492462,0.928270462538519,0.891448864528414,0.832863825274239,0.748143938938123,0.6544146922849,0.553341110142282,0.450553485068253,0.349806089163181,0.25639318322664,0.175114264613732,0.103773951189635,0.0511919153747423,0.0188194648671469,0.00783656031082878
1577.88944723618,0.929017145846746,0.891769729816691,0.83314310195607,0.747764875770275,0.653714021678939,0.552475206303679,0.44960027817222,0.348829827649386,0.255489241893827,0.174315250681996,0.103165479305331,0.0506605209187946,0.0184511817746461,0.00751964762447586
1576.38190954774,0.929780826464672,0.892122929066952,0.833260461497598,0.747380521856062,0.653016371796655,0.551608080335179,0.448657344183765,0.347856902177688,0.254600280607842,0.17352456687433,0.10256776672568,0.0501374229781864,0.0180905455730894,0.00721140022947756
1574.8743718593,0.930554910016073,0.892500827215847,0.833218105880066,0.746991190340446,0.652322627970766,0.550739861889195,0.447725410114471,0.346887174409372,0.253727037731892,0.172741958784577,0.10197966052906,0.0496234206889412,0.0177367502165214,0.00691210532254244
1573.36683417085,0.931329600431364,0.892892304072108,0.833028039083972,0.746597287601325,0.651633548457242,0.549870829698074,0.446805064534381,0.345920607975315,0.252870159962793,0.171967209371966,0.101399808414857,0.0491194890093609,0.0173889990720334,0.00662196628956096
1571.85929648241,0.932092281837367,0.893284486319164,0.832711838634225,0.746199261747064,0.650949781596588,0.549001402012868,0.445896747244712,0.344957287107447,0.252030173140838,0.171200166196612,0.100826731417026,0.0486267208854789,0.017046544419696,0.00634108851742328
1570.35175879397,0.932828261650302,0.893664515718195,0.832300204814778,0.745797553621521,0.65027188228668,0.548132124767427,0.445000741381128,0.343997432707988,0.251207454798652,0.170440767151112,0.100258913483164,0.0481462592775793,0.0167087265163026,0.00606947224838881
1568.84422110553,0.933521823742776,0.894021194200267,0.831831363314712,0.745392556972232,0.649600324287061,0.547263658900886,0.444117168426904,0.343041414127006,0.250402211099048,0.169689062178695,0.0996949042178679,0.0476792218731951,0.0163750106782274,0.00580701277162018
1567.33668341709,0.934157509444586,0.894346405711578,0.831347706813228,0.74498459210429,0.648935506268803,0.546396767719246,0.443245986551075,0.342089755444066,0.249614460014829,0.168945229297765,0.0991334291783554,0.0472266223216832,0.0160450208859802,0.00555350751048435
1565.82914572864,0.934721529783338,0.894636113440528,0.830891172881825,0.744573895726698,0.648277750410505,0.545532304843075,0.442386992584946,0.341143135439455,0.248844022012942,0.168209583796109,0.0985735002852903,0.0467892928413444,0.0157185684443647,0.00530866892282404
1564.3216080402,0.935203176882443,0.894890621567007,0.830498218404126,0.74416062814237,0.647627293236858,0.544671202869265,0.441539827987183,0.340202380648808,0.248090519122702,0.167482579827828,0.098014516917509,0.0463678142931138,0.0153956740099012,0.00507214160105145
1562.81407035176,0.935596028877902,0.895114035692147,0.830195122828041,0.743744897312051,0.646984269354388,0.543814462402243,0.440703989237573,0.339268451042554,0.247353382958168,0.166764803958575,0.0974563471612053,0.0459624607282854,0.015076580634484,0.00484352188264662
1561.30653266332,0.93589876276935,0.895313094924451,0.829994142572617,0.743326797020515,0.646348689981478,0.542963140809883,0.439878842849709,0.338342418460306,0.246631871579864,0.166056960815406,0.0968993803217391,0.0455731644325256,0.0147617555732563,0.00462237858199713
1559.79899497487,0.936115464509784,0.895495652567599,0.829890873344417,0.742906452858083,0.64572041989434,0.542118340114283,0.439063644280349,0.337425439376662,0.245925093651708,0.165359852200558,0.0963445445679587,0.045199505548241,0.0144518794268068,0.00440827371282112
1558.29145728643,0.936255394257855,0.89566909790844,0.829863133752084,0.742484067688319,0.645099157615371,0.541281192920931,0.438257560062229,0.336518723793402,0.245232038017815,0.164674351362823,0.09579328618433,0.044840728483214,0.0141478220751336,0.00420078224030416
1556.78391959799,0.936332218999263,0.895838949719027,0.829872031388725,0.742059958550858,0.644484423631107,0.540452844871831,0.437459692974825,0.33562350149061,0.244551607244978,0.164001373805267,0.0952475095442339,0.0444957854258013,0.0138506057637266,0.00399951003600664
1555.27638190955,0.936362776322222,0.896007722973737,0.829865977993698,0.741634579985756,0.643875559315231,0.539634433145864,0.43666910959174,0.334740986957209,0.243882653670096,0.16334184588112,0.0947094801841545,0.0441634049805798,0.0135613567937454,0.00380410935051031
1553.76884422111,0.936365475169681,0.896174175610948,0.82978722526748,0.74120853119152,0.643271737549596,0.538827061322952,0.435884869202662,0.333872344343214,0.243224016531967,0.162696672297221,0.0941816967433717,0.0438421815676606,0.0132812484026874,0.00361429121906666
1552.26130653266,0.936358491530168,0.896333226358492,0.829579747913042,0.74078254572707,0.642671985195705,0.538031771197645,0.435106053080572,0.33301865363439,0.2425745588954,0.162066703532623,0.0936667419296055,0.0435306782247845,0.0130114388254023,0.00342983428396918
1550.75376884422,0.936358009685314,0.896476634175671,0.829197283621103,0.740357463654204,0.642075216857049,0.537249512339942,0.434331793090923,0.332180879123426,0.241933203180695,0.161452704141268,0.0931671289463563,0.0432275312720847,0.0127530103302792,0.0032505896865642
1549.24623115578,0.936376765185339,0.896594246380257,0.828610587072682,0.73993418759081,0.641480278769312,0.536481110169365,0.43356129911702,0.331359840889863,0.241298964373479,0.160855322946043,0.0926851589056398,0.0429315459948348,0.0125069145297628,0.00307648188456336
1547.73869346734,0.936423058951354,0.896675545451712,0.827813140236292,0.739513626111948,0.640886001134867,0.535727233059496,0.432793885671801,0.330556189423083,0.240670980396017,0.160275066246442,0.0922227995798036,0.0426417760358733,0.0122739275521532,0.00290750536896331
1546.23115577889,0.936500332200014,0.896711247720885,0.826824634298605,0.73909662943557,0.640291256123411,0.534988359694078,0.432028997624815,0.329770383825801,0.240048538911108,0.159712275351275,0.0917815923298949,0.0423575816133181,0.0120546175163092,0.00274371733326552
1544.72361809045,0.936607336712832,0.896694684288635,0.825691279966593,0.738683923706335,0.639695017304337,0.534264749140347,0.431266233819532,0.329002674825881,0.239431099275818,0.159167110013048,0.0913625915474736,0.0420786634703245,0.0118493258508448,0.00258522647993982
1543.21608040201,0.936738881421112,0.896622799776554,0.824481943023995,0.738276051046821,0.639096415265412,0.533556416978397,0.430505366476738,0.328253094389579,0.238818307975833,0.158639539470255,0.0909663385253338,0.0418050712932879,0.0116581629858204,0.00243217839590281
1541.70854271357,0.936887076319624,0.896496698682986,0.82328055563321,0.737873320465484,0.638494785636158,0.532863119633186,0.429746355003192,0.327521452966178,0.238210006495939,0.158129342102356,0.0905928691355093,0.0415371873221428,0.0114810177700794,0.00228473829721254
1540.20100502513,0.937042931098804,0.896321528160709,0.822176183630806,0.737475772010559,0.637889707743656,0.532184347461151,0.428989353903757,0.326807344376559,0.237606231418792,0.157636113843097,0.0902417519420853,0.041275687900175,0.0113175788376949,0.0021430723527493
1538.69346733668,0.937198067886238,0.896105651499222,0.821252233586935,0.737083155729561,0.637281032565859,0.531519326889704,0.428234714615398,0.326110158082391,0.23700720692445,0.157159284975994,0.0899121495430411,0.041021488282705,0.0111673648951061,0.00200732924615083
1537.18592964824,0.937346273730568,0.89585938250937,0.820576055651223,0.736694927460182,0.636668897751565,0.530867032851156,0.427482980393623,0.325429098644254,0.236413330338463,0.156698144079255,0.0896028949705118,0.0407756768250354,0.0110297603730294,0.00187762384206271
1535.6783919598,0.937484670071534,0.895593625672368,0.820190026390305,0.736310263715697,0.636053726864159,0.530226213448395,0.426734872905687,0.324763212142274,0.235825151892266,0.156251867055313,0.0893125770011597,0.0405394431467174,0.0109040538736196,0.00175402418198864
1534.17085427136,0.937614368746024,0.895318631505326,0.820105192764622,0.735928096628696,0.635436211214564,0.529595427832295,0.425991269891584,0.324111418884987,0.235243350145769,0.155819548997707,0.0890396300513609,0.0403140035260194,0.01078947767268,0.00163654248699725
1532.66331658291,0.937740546011858,0.895043046452352,0.820298832893364,0.735547168089889,0.634817274457752,0.528973096788307,0.425253174364087,0.323472551101988,0.234668704824446,0.155400236573717,0.0887824252419361,0.0401005262163271,0.0106852467749789,0.00152513063353144
1531.15577889447,0.937871914366251,0.89477342543573,0.820717204234913,0.735166099970147,0.63419802227785,0.52835756382168,0.424521677123639,0.322845393544,0.234102069260253,0.154992958417347,0.0885393596574838,0.0399000591074299,0.0105905961543117,0.00141968033186138
1529.64824120603,0.938019637057549,0.894514246934716,0.82128273219141,0.73478347511374,0.633579681479309,0.527747163041673,0.423797915462567,0.322228724330809,0.233544344890616,0.154596751011722,0.088308940870354,0.0397134621581896,0.0105048149249677,0.00132002783348787
1528.14070351759,0.938195806740563,0.89426850436954,0.821904095853272,0.734397924631342,0.632963532005568,0.52714029087679,0.423083030175019,0.321621354206247,0.232996459329401,0.154210678547365,0.088089862911533,0.0395413479749756,0.0104272758135895,0.00122596259481167
1526.63316582915,0.93841171192102,0.894038777090685,0.822487782500534,0.734008217201078,0.632350835188753,0.526535478927948,0.422378122270351,0.321022163382999,0.232459348010681,0.153833846792829,0.0878810681369724,0.0393840356410321,0.0103574575271033,0.001137238909364
1525.1256281407,0.938676152544342,0.893828409925534,0.822949866083328,0.733613342914574,0.631742764280859,0.525931463231926,0.421684211401854,0.320430135599841,0.231933937707538,0.153465412836763,0.0876817886115712,0.0392415229319307,0.0102949578655271,0.00105358903365945
1523.61809045226,0.938994051962225,0.893642393261005,0.823226817087639,0.733212583567126,0.631140343951054,0.525327244766499,0.421002198205289,0.319844389114214,0.231421129864236,0.153104593042992,0.0874915616337678,0.0391134807576383,0.0102394961629281,0.000974736281290921
1522.11055276382,0.93936554283234,0.893487756441481,0.823283977171476,0.732805562910607,0.630544404151472,0.524722137052542,0.420332832387499,0.319264204352397,0.230921782199391,0.152750671138623,0.0873102171945735,0.0389992715306132,0.0101909043924709,0.00090040724016144
1520.60301507538,0.939785623711657,0.893373484734969,0.823119902499797,0.732392272257282,0.629955552254274,0.524115797910571,0.419676687957015,0.318689047967859,0.230436687596837,0.152403007889696,0.0871378371327072,0.0388979916536789,0.010149106900023,0.000830342585116962
1519.09547738693,0.940244433832598,0.893309908405512,0.822764954112218,0.731973068891854,0.629374165753067,0.523508243718037,0.419034146464738,0.318118593153481,0.229966549784825,0.152061053427157,0.0869746871660187,0.0388085370592054,0.0101140893608349,0.000764306048900667
1517.58793969849,0.9407281328366,0.893307570157822,0.822275168635537,0.731548647538846,0.628800405763903,0.522899846113266,0.418405388434571,0.31755273621697,0.229511955802535,0.151724362871834,0.0868211258665495,0.0387296883848735,0.0100858587296016,0.000702091279387913
1516.08040201005,0.941220287760648,0.893375594300712,0.821723286576366,0.731119987802621,0.628234249512937,0.522291312372249,0.4177903927391,0.316991609207275,0.229073346064086,0.151392615174062,0.0866775001095566,0.0386602079293118,0.0100643982992683,0.000643526472740482
1514.57286432161,0.94170357402333,0.893519791249805,0.821188252928865,0.730688283834271,0.627675537226698,0.521683651495623,0.417188943912013,0.3164355868936,0.228650984950795,0.151065633082719,0.0865440409408759,0.0385989370052695,0.0100496238174195,0.000588476814098689
1513.06532663317,0.942161564443815,0.893740964129952,0.820744216487386,0.730254865124793,0.627124026611752,0.521078128733555,0.416600647514119,0.315885285285699,0.228244936463049,0.150743400644235,0.0864207738769848,0.0385448825167441,0.0100413463040616,0.000536844941783583
1511.55778894472,0.942580361746469,0.894033879354724,0.820450075222264,0.729821116799559,0.626579448545174,0.520476211380439,0.416024953383606,0.315341549471713,0.22785504880005,0.150426075105501,0.0863074563616768,0.0384972828809315,0.0100392463443968,0.000488569809372629
1510.05025125628,0.94294985086973,0.894387083568358,0.820340900582271,0.729388406524909,0.626041558642144,0.51987950861772,0.41546118621555,0.314805429529101,0.227480950523453,0.150113991042282,0.0862035508332211,0.0384556466897453,0.0100428629800763,0.000443624219223677
1508.54271356784,0.943264444934831,0.894783407751276,0.820423106341732,0.728958024029118,0.625510180258764,0.519289708155772,0.414908582520822,0.314278144183819,0.227122059803146,0.149807655430313,0.0861082370888619,0.0384197610575387,0.0100515986035032,0.000402011142852009
1507.0351758794,0.943523260782222,0.895201063144791,0.820674989239175,0.72853113808437,0.624985235319521,0.518708512406667,0.414366332572949,0.313761032828603,0.2267776070414,0.14950773330704,0.0860204645278051,0.0383896689386026,0.010064740087313,0.000363758935455587
1505.52763819095,0.943729716308542,0.895615305240152,0.821051537217702,0.728108773816284,0.624466760524231,0.518137576879726,0.413833625265755,0.313255497813135,0.226446669549396,0.149215024871189,0.0859390391183939,0.0383656186283627,0.0100814945555346,0.000328915460686542
1504.02010050251,0.943890615454719,0.896000615429496,0.821491591886145,0.727691809688601,0.623954908363712,0.517578453564783,0.413309692535521,0.312762941002906,0.226128214723956,0.148930436109637,0.0858627311814658,0.0383479944453569,0.0101010355873541,0.000297540911207209
1502.51256281407,0.944014847004189,0.896333096417305,0.82192629759064,0.727280988966752,0.62344993493743,0.517032541821628,0.412793848973232,0.312284700473207,0.22582114642827,0.148654945679059,0.085790388274789,0.0383372389834095,0.0101225549012243,0.000269699234743653
1501.00502512563,0.944111857355769,0.896592582406369,0.822288119257638,0.726876939101749,0.62295217786923,0.516501048217467,0.412285523376653,0.311821992220736,0.225524350318123,0.148389570099621,0.0857210397265731,0.0383337761663517,0.010145314905616,0.00024544843240987
1499.49748743719,0.944190106898184,0.89676399560144,0.822519609331249,0.726480193058877,0.622462027709276,0.515984955980757,0.411784280176794,0.311375860436282,0.225236735053204,0.148135328767092,0.0856539813884543,0.0383379433140178,0.0101686977966234,0.00022483033321181
1497.98994974874,0.944255748061639,0.89683776570869,0.822580750207202,0.726091207411865,0.621979896024708,0.515485004210072,0.411289829531388,0.310947138844926,0.224957267175205,0.147893209944303,0.0855888320145904,0.0383499386539471,0.0101922476675263,0.00020786055318257
1496.4824120603,0.944311678517599,0.896809511451179,0.822453269701334,0.725710372606435,0.621506183269201,0.51500167644331,0.410802025666718,0.310536424656521,0.224684998218491,0.147664138519492,0.0855255572763659,0.0383697875065918,0.0102157037190686,0.000194519151384263
1494.97487437186,0.944357046275331,0.896679170337604,0.822140851343001,0.725338011553879,0.621041249385367,0.514535197582588,0.410320853970769,0.310144065564865,0.224419083508056,0.147448945868034,0.0854644612332664,0.038397328096991,0.010239023405399,0.000184742557127341
1493.46733668342,0.944387240294993,0.896449690969634,0.821666361644859,0.724974365456906,0.620585389374686,0.514085537564485,0.409846408834377,0.309770158610033,0.224158793191311,0.147248341971553,0.0854061507791527,0.0384322153726624,0.010262394058351,0.000178417983125686
1491.95979899497,0.944394375363706,0.896125496202922,0.821067517817071,0.724619570473446,0.620138814796435,0.513652419840065,0.409378866029424,0.309414557977269,0.223903516913679,0.147062890515792,0.0853514822367018,0.0384739395694945,0.0102862313804941,0.000175381869236621
1490.45226130653,0.944368240572766,0.895711063602657,0.820391542846826,0.724273629585859,0.619701641895336,0.513235332455345,0.4089184539287,0.309076888161027,0.223652764030464,0.146892987504993,0.0853014977608939,0.0385218566618747,0.0103111639774249,0.000175423264736013
1488.94472361809,0.944297619418673,0.895210018669106,0.819689149041006,0.723936384271414,0.619273886104163,0.512833540450061,0.408465426650389,0.308756559902623,0.223406160596758,0.146738844131858,0.085257356889507,0.0385752285801746,0.0103380040077626,0.00017829222438974
1487.43718592965,0.944171812085949,0.894625047924838,0.819008432957212,0.723607491077659,0.618855461463485,0.512446099496027,0.408020040716563,0.308452787565381,0.223163443485488,0.146600475026235,0.0852202668410892,0.0386332716303831,0.0103677048058974,0.00018371253384599
1485.92964824121,0.943982131933411,0.893958683299681,0.818389580328503,0.723286407743075,0.618446183104814,0.512071871092092,0.407582536074382,0.308164607123353,0.222924451749524,0.146477692837452,0.0851914138175262,0.0386952119593054,0.0104013068435569,0.000191397624051744
1484.42211055276,0.94372319850463,0.893214684474391,0.817861304517929,0.722972392775046,0.618045770791748,0.511709539830641,0.40715312179269,0.307890894266975,0.222689115299246,0.146370109797025,0.0851718964383702,0.0387603468735175,0.0104398738274198,0.000201068623718832
1482.91457286432,0.943393911282299,0.892399681170056,0.817439319803354,0.722664520235595,0.617653852131748,0.511357633291745,0.406731966203292,0.307630382540587,0.222457441246924,0.146277146218654,0.0851626629249957,0.0388281084056815,0.010484423204133,0.000212472979308791
1481.40703517588,0.942997987720309,0.891524670042869,0.817126070957004,0.722361706898418,0.617269965993203,0.511014544838918,0.406319190747046,0.307381681930414,0.222229499115137,0.146198044535583,0.0851644554178509,0.0388981216663314,0.0105358589745832,0.000225401126266257
1479.89949748744,0.942543957386152,0.890605986824315,0.816911218180242,0.722062748426163,0.616893566398776,0.510678560053805,0.405914866068841,0.307143298865261,0.222005405968961,0.146131887307393,0.0851777649945954,0.0389702508799498,0.0105949140635857,0.000239699068551317
1478.391959799,0.942044579467375,0.889665477899186,0.816772944552253,0.721766363497331,0.616524025470217,0.510347888421372,0.405519008149935,0.306913659073703,0.221785311718092,0.146077618298451,0.0852028008984635,0.0390446276011338,0.0106621074596607,0.000255275585706474
1476.88442211055,0.941515742446818,0.888729701880128,0.816680065183044,0.721471245275697,0.616160633833636,0.510020701621261,0.405131572459586,0.306691134499827,0.221569384561836,0.146034065974443,0.0852394780863234,0.0391216565240558,0.0107377197767833,0.000272103604334859
1475.37688442211,0.940974998236722,0.887828135142323,0.816594638705676,0.721176117222046,0.615802598949887,0.509695178003543,0.404752445517444,0.306474074326551,0.221357797095688,0.145999968300217,0.0852874284397029,0.0392019944535018,0.0108217899116675,0.000290215999480139
1473.86934673367,0.940439952031406,0.886990587552283,0.816474933581301,0.720879789385394,0.615449042695917,0.509369551972035,0.404381433939042,0.306260839603256,0.221150713704508,0.145973997664381,0.0853460411329072,0.0392864987945795,0.0109141343736212,0.000309696645520805
1472.36180904523,0.939926702809626,0.886244313292035,0.816279099908009,0.720581211200486,0.615098999822154,0.509042166591909,0.404018251358248,0.306049840755665,0.220948279724081,0.145954784953791,0.0854145311959227,0.0393761481332146,0.0110143871434389,0.00033066785054408
1470.85427135678,0.939448502704681,0.885611388675943,0.815969433196814,0.72027951625154,0.614751419666424,0.508711527002302,0.40366250418008,0.305839576969018,0.220750612711277,0.14594094208797,0.0854920246654758,0.039471947651048,0.0111220520581916,0.000353275867146565
1469.34673366834,0.939014811748513,0.885106843359405,0.81551691815768,0.719974053492671,0.614405174601289,0.508376351271046,0.403313677838504,0.3056286760739,0.220557796099553,0.145931082575844,0.085577646785568,0.0395748336064984,0.0112365588315974,0.000377676146292242
1467.8391959799,0.938630869786587,0.884737788238952,0.814905428310658,0.719664398371693,0.614059079740675,0.508035614530878,0.402971125872915,0.305415933199562,0.220369875602764,0.145923839711288,0.0856706025906226,0.0396855877206587,0.0113573158209306,0.000404019585747371
1466.33165829146,0.938297826150628,0.884503597870185,0.814135032958872,0.719350336215362,0.613711929482881,0.507688581497009,0.402634064752452,0.305200346092943,0.22018685889973,0.145917881983677,0.0857702414346599,0.0398047693811054,0.011483754497316,0.000432440600049136
1464.82412060301,0.938013383449463,0.884397079873579,0.813224223389383,0.719056324503986,0.613409389517154,0.507352191178763,0.402359398633309,0.304998255159858,0.220062458139594,0.145943514639105,0.0858760976827665,0.03993267200884,0.0116153617534729,0.000463047463679879
1463.31658291457,0.937772824950926,0.884406432912954,0.812210759976768,0.718759338336723,0.61308193726939,0.507007171218851,0.402072224571863,0.304786719507216,0.219935546773788,0.145958908809911,0.0859878993947898,0.0400693092912894,0.0117516969128033,0.000495915049326934
1461.80904522613,0.937570232595338,0.884517588039759,0.81114994907339,0.718459066728637,0.612732473222245,0.506655271184825,0.401772266505934,0.304567846160954,0.219805023722407,0.145964672522369,0.0861055400526217,0.0402144339001032,0.0118923922273731,0.000531079880042691
1460.30150753769,0.937399714682438,0.884716298524929,0.810109630911124,0.718155803519731,0.612365333894557,0.506298276870644,0.401461087465445,0.304343627724251,0.219670878833193,0.145962238639975,0.0862290213838986,0.0403675815859196,0.0120371406216513,0.000568537502213147
1458.79396984925,0.937256459861908,0.884989449865895,0.809162843841169,0.717850145309681,0.611984686272328,0.505937766627849,0.401140762780942,0.304115724165499,0.219533611603978,0.145953215145498,0.0863583819338074,0.0405281290268059,0.0121856764996983,0.000608242289973005
1457.2864321608,0.937137462999753,0.88532543994833,0.808379625274762,0.71754277401765,0.611593971681302,0.50557503751767,0.400813257944092,0.303885437491171,0.219393868713997,0.145939078627149,0.0864936238568462,0.0406953556990353,0.0123377543220253,0.000650109739495894
1455.77889447236,0.937041825215776,0.885713750532495,0.807819002747561,0.717234339331366,0.611195859481162,0.505211119024191,0.400480222922732,0.303653766103573,0.219252268894101,0.145921079873436,0.0866346468758746,0.0408685028717869,0.0124931281210641,0.000694021222104764
1454.27135678392,0.936970591840728,0.88614396350831,0.807521739826787,0.716925408733063,0.610792378295849,0.504846815903931,0.400142976585879,0.303421474007984,0.219109338565822,0.145900246337325,0.0867811959197846,0.0410468249210487,0.0126515339379306,0.000739831104043535
1452.76381909548,0.93692615792391,0.8866045211626,0.807504387964518,0.716616454230522,0.610385073590058,0.504482752889476,0.399802557196608,0.303189149954539,0.218965500972705,0.145877416726637,0.0869328277128269,0.0412296294480156,0.0128126763401872,0.000787376110138393
1451.25628140703,0.936911343279788,0.887081553381518,0.807756091432251,0.716307856411898,0.609975139613188,0.504119412223427,0.39945978424794,0.302957251314842,0.218821086877685,0.145853279160357,0.0870889013695864,0.0414163032762238,0.0129762196772107,0.000836486800430466
1449.74874371859,0.93692830378752,0.887558206354151,0.808239951603369,0.715999915576724,0.609563516250847,0.50375716286357,0.399115312272906,0.302726134621624,0.218676351682816,0.14582840308381,0.0872485973761075,0.0416063220435145,0.0131417844214086,0.000887000985250049
1448.24120603015,0.936977474651181,0.888014967727215,0.808898707249783,0.715692864815687,0.609150955894324,0.503396282688264,0.398769672360357,0.302496076341839,0.218531492559505,0.145803263274428,0.0874109653587604,0.0417992432195372,0.0133089486744676,0.00093877868289169
1446.73366834171,0.937056717717683,0.88843108302994,0.809662808260189,0.715386882507897,0.608738068450368,0.503036975388779,0.398423302485211,0.302267287135092,0.218386663215419,0.145778257146322,0.0875749977936437,0.0419946839436524,0.0134772549146756,0.000991717992063706
1445.22613065327,0.937160789666336,0.888786769504536,0.810459350306272,0.715082103172837,0.608325351532269,0.502679383492002,0.398076569101623,0.302039921975279,0.218241985751598,0.145753717098664,0.0877397262007991,0.0421922852372734,0.0136462222052447,0.00104577120749329
1443.71859296482,0.937281195810191,0.889065736912847,0.811221205093163,0.714778626350466,0.607913210985521,0.502323598598511,0.397729782333848,0.301814087726258,0.218097559783655,0.145729919425224,0.0879043366308123,0.0423916637370253,0.0138153643588513,0.00110096052004897
1442.21105527638,0.937406448873198,0.889257488628247,0.811895732582903,0.714476523498463,0.607501975259375,0.501969669606741,0.39738320659238,0.301589849201865,0.217953469208486,0.145707090924354,0.0880465646452596,0.0426041436112111,0.0139672754883985,0.00116355808604077
1440.70351758794,0.937522708278481,0.88935896058559,0.812451413936533,0.714175843007593,0.607091905933762,0.501617609462169,0.397037067926685,0.301367234375759,0.217809786999179,0.145685414011141,0.088184118402698,0.0428131438126525,0.0141128345990085,0.00122772376192684
1439.1959798995,0.937614735568689,0.889375148665705,0.812879728046502,0.713876613481646,0.606683205885296,0.501267400810543,0.396691559020304,0.301146239167862,0.217666578353783,0.145665030877156,0.0883193962992997,0.0430205042892082,0.0142552866971649,0.00129298049269471
1437.68844221106,0.937667090937827,0.889318427946883,0.813191502959675,0.713578845577901,0.606276025967789,0.500919000819841,0.396346842492459,0.300926832010978,0.217523902518702,0.145646047045545,0.0884534441908459,0.0432275984936819,0.0143964214387431,0.00135895862436093
1436.18090452261,0.937665505825537,0.889206562063069,0.813409539179539,0.713282532933294,0.605870470625255,0.500572345352285,0.396003053054737,0.300708958186154,0.217381813651803,0.145628534519692,0.0885866082850176,0.0434352519129003,0.0145370070623594,0.00142545071717077
1434.67336683417,0.937598368485408,0.889059751650542,0.8135599971481,0.71298765266988,0.60546660265308,0.500227352623471,0.395660298929094,0.300492543874594,0.217240361024802,0.145612534656876,0.0887189619378917,0.0436439035992312,0.0146772933494377,0.00149235333881556
1433.16582914573,0.93745825734141,0.888897301391273,0.813663628439922,0.712694165866832,0.605064447240816,0.499883926460932,0.395318662810488,0.300277499895749,0.217099588774204,0.145598060873085,0.0888505031114991,0.0438537497489835,0.0148173060476941,0.00155961624731256
1431.65829145729,0.936841968317879,0.888734553070972,0.813727375635984,0.712402018315617,0.604663995384057,0.499541959257045,0.394978202578873,0.300063725118155,0.216959535344654,0.145585101274834,0.0889812291198145,0.0440648357549904,0.0149569878198209,0.00162721325735256
1430.15075376884,0.936220754989682,0.888580640000285,0.813737902964641,0.712111141840302,0.604265206723419,0.499201334697638,0.394638951920306,0.299851109536212,0.216820232726049,0.145573621311358,0.0891111575894089,0.0442771116628738,0.0150962585902397,0.00169512790883394
1428.6432160804,0.935626740697362,0.888437360091531,0.813660000167065,0.711821456437068,0.603868011853853,0.498861930334465,0.394300920990972,0.29963953700709,0.216681705560237,0.145563566537377,0.0892403262214615,0.0444904668239581,0.0152350382999709,0.00176334710523952
1427.13567839196,0.935058628297148,0.888299066104431,0.813440893626934,0.711532873336437,0.603472314180273,0.498523620043852,0.393964097220565,0.299428887655094,0.216543970183723,0.145554865535925,0.0893687851610621,0.0447047533438952,0.0153732531898711,0.00183185864754552
1425.62814070352,0.934506931799266,0.888153217275,0.813018906679221,0.711245298737498,0.603077991496461,0.4981862763674,0.393628446283322,0.299219039987535,0.216407033678337,0.145547432950043,0.0894965878894175,0.0449198029593688,0.0155108355083208,0.00190065052593279
1424.12060301508,0.933962651393359,0.887981247473312,0.812333531910318,0.710958637831969,0.60268489750048,0.497849772706239,0.393293913243524,0.299009872772017,0.216270893006355,0.145541172532758,0.0896237830245881,0.0451354395765427,0.0156477210847239,0.00196971093146315
1422.61306532663,0.933418775914907,0.887759374957772,0.811335347854798,0.710672798749643,0.602292863453842,0.497513985330658,0.392960423890952,0.29880126671092,0.216135534310682,0.14553598012513,0.0897504078257439,0.0453514886970258,0.0157838466391274,0.00203902852314419
1421.10552763819,0.932870034922543,0.887458950449889,0.809995308875633,0.710387696068889,0.601901700187276,0.497178795157282,0.392627886291934,0.298593105934191,0.216000932467523,0.145531746471077,0.0898764836249165,0.045567784423183,0.0159191475826675,0.00210859276103721
1419.59798994975,0.932312450040069,0.886980419883589,0.808313017511997,0.71010325352741,0.601511200658554,0.496844089234741,0.392296192588841,0.298385279319459,0.215867050988152,0.145528359770026,0.0900020133106512,0.0457841743800061,0.0160535566281005,0.0021783942404589
1418.09045226131,0.931742993152975,0.886367548189457,0.806323263151097,0.709819405560116,0.601121143266939,0.496509761869666,0.391965221084356,0.298177681638804,0.215733842373022,0.145525707860623,0.0901269810615503,0.0460005226344961,0.0161870033880862,0.00224842501378129
1416.58291457286,0.93115936667794,0.885700371731869,0.804099782889144,0.709536097407905,0.600731296053287,0.496175715343968,0.391634838634913,0.297970214527694,0.215601248991993,0.145523679957828,0.0902513544348913,0.0462167106610808,0.0163194150312251,0.00231867890050464
1415.07537688442,0.930559871123376,0.885013523415946,0.801755465477537,0.709253283915858,0.60034142168933,0.495841860249293,0.391304903337849,0.297762787277335,0.215469204463036,0.145522167970918,0.0903750883912291,0.0464326367388786,0.0164507178285144,0.00238915177916225
1413.56783919598,0.929943328970423,0.884322393518215,0.799439687908363,0.70897092733948,0.599951283033991,0.495508115503669,0.390975267473363,0.297555317453272,0.21533763544729,0.145521067483902,0.0904981306577216,0.046648214257865,0.0165808393472864,0.00245984184481407
1412.06030150754,0.929309044211117,0.883634284286808,0.797333218500184,0.708688994500492,0.599560649011001,0.495174408117655,0.390645780656116,0.297347731340065,0.215206463771581,0.145520278481751,0.0906204279140248,0.0468633693134738,0.0167097110887559,0.00253074980676291
1410.5527638191,0.928656783268468,0.88295212511173,0.796161250121381,0.708407453635999,0.599169300550379,0.494840672776006,0.390316293146835,0.297139964209069,0.215075608788135,0.145519705902085,0.0907419323237231,0.0470780379092167,0.0168372713909022,0.00260187899110635
1409.04522613065,0.927986765796482,0.882275983506079,0.795142203383846,0.708126271297329,0.598777036319122,0.494506851302051,0.389986659268604,0.296931960404359,0.214944989876777,0.145519260091412,0.0908626079047067,0.0472921630836411,0.0169634684172409,0.00267323530235831
1407.53768844221,0.927299654571259,0.881603876597915,0.794158799313405,0.707845409674728,0.598383677945298,0.494172892075145,0.389656740866316,0.296723673240478,0.21481452898847,0.145518857247027,0.0909824361623302,0.047505692308879,0.0170882630347357,0.00274482698822973
1406.03015075377,0.926596533368522,0.880932316561236,0.793211143965433,0.707564824749474,0.597989074415911,0.493838749476054,0.389326410741142,0.296515064704821,0.214684153121179,0.145518419929491,0.0911014203176345,0.0477185755588076,0.0172116313576849,0.0028166641418709
1404.52261306533,0.925878860920631,0.880256765673745,0.792314838335469,0.707284465704634,0.597593105302866,0.493504383440642,0.38899555598521,0.296306104956754,0.214553796610202,0.14551787773593,0.091219587359732,0.0479307645068198,0.0173335667031458,0.00288875786628099
1403.01507537688,0.925148387975907,0.879572116363819,0.791490573312958,0.707004276058938,0.59719568244356,0.49316975920855,0.388664081135002,0.296096771615055,0.214423403105519,0.145517168230808,0.0913369870413516,0.0481422133818802,0.0174540806695287,0.00296111901580875
1401.50753768844,0.924407023163081,0.878873298091401,0.790759456734663,0.706724197024802,0.596796749672915,0.492834847360515,0.388331911055297,0.295887048824691,0.214292927098569,0.145516238238311,0.0914536868199494,0.0483528820854699,0.017573203014027,0.003033756419171
1400,0.923656631683832,0.878156113890544,0.790137636443586,0.706444173631716,0.596396280171702,0.492499624245535,0.387998993458802,0.295676926093304,0.21416233485002,0.145515045608839,0.0915697616208201,0.0485627422521625,0.0176909799659612,0.00310667447652353
